,plot,mean.height_mean,mode.el_mean,height.2_mean,max.el_mean,mode.2_mean,max.can.ht_mean,mean.max.ht_mean,mean.vai_mean,max.vai_mean,deep.gaps_mean,porosity_mean,std.std_mean,mean.std_mean,rugosity_mean,top.rugosity_mean,plot_1_mean,mean.return.ht_mean,sd.return.ht_mean,sky.fraction_mean,cover.fraction_mean,max.ht_mean,rumple_mean,clumping.index_mean,mean.height_sd,mode.el_sd,height.2_sd,max.el_sd,mode.2_sd,max.can.ht_sd,mean.max.ht_sd,mean.vai_sd,max.vai_sd,deep.gaps_sd,porosity_sd,std.std_sd,mean.std_sd,rugosity_sd,top.rugosity_sd,plot_1_sd,mean.return.ht_sd,sd.return.ht_sd,sky.fraction_sd,cover.fraction_sd,max.ht_sd,rumple_sd,clumping.index_sd
1,AFA4,9.053139872,8.175,5.85435277,19,6.188244905,20.079,13.369275,3.345926515,8.201680672,5,0.754761905,232.9564501,9.018843591,12.31328187,6.789967637,NA,8.283381316,5.597503277,40.11384062,59.88615938,20.079,3.425,0.95086112,NA,NA,NA,NA,NA,NA,NA,NA,NA,NA,NA,NA,NA,NA,NA,NA,NA,NA,NA,NA,NA,NA,NA
2,AFD9,5.528268699,4.35,1.869027123,9,1.956399755,22.094,11.917075,6.498117501,8.026229508,0,0.669565217,43.40364041,4.63834231,4.678613151,5.146451789,NA,5.001622078,2.867168365,8.557476785,91.44252321,22.094,5.075,0.818587053,NA,NA,NA,NA,NA,NA,NA,NA,NA,NA,NA,NA,NA,NA,NA,NA,NA,NA,NA,NA,NA,NA,NA
3,AFG8,5.449405939,4.1,1.665968231,10,1.827566688,20.423,12.0308,6.319863863,8.023880597,0,0.625,47.34561432,5.526740169,4.098872702,3.943064812,NA,4.757596271,2.756068264,8.817714512,91.18228549,20.423,3.925,0.801301075,NA,NA,NA,NA,NA,NA,NA,NA,NA,NA,NA,NA,NA,NA,NA,NA,NA,NA,NA,NA,NA,NA,NA
4,ARNO01,15.38449535,13.7,7.668081841,26,8.479976415,32.551,23.898325,7.429313137,8.335078534,0,0.75,1401.587439,23.62041498,29.045885,8.893726488,NA,14.38975019,9.096946666,1.456188802,98.5438112,32.551,7.3,0.898673431,NA,NA,NA,NA,NA,NA,NA,NA,NA,NA,NA,NA,NA,NA,NA,NA,NA,NA,NA,NA,NA,NA,NA
5,ARNO02,14.02382896,12.4875,6.761205357,29,7.625289961,31.312,22.0477,7.442861754,8.023062161,0,0.769698767,771.086676,17.97318013,20.95750326,7.283120943,NA,12.84150086,7.345683515,2.130538587,97.86946142,31.312,6.4,0.940259608,1.292109847,1.537957249,2.224432334,5.656854249,2.448322086,2.431033114,1.598768432,0.054736388,0.003075112,0,0.021015294,230.1006389,2.294267087,3.522129657,1.100683291,2.828427125,0.508114806,1.160131444,0.779731946,0.779731944,2.431033114,1.449568901,0.037843232
6,ARNO03,5.077847747,4.15,2.216946553,13,2.584085912,25.162,8.7816,7.681397147,8.169411765,0,0.772115385,118.1947873,4.985457551,9.661262875,5.700378574,NA,4.570564288,3.120733625,0.72611465,99.27388535,25.162,4.2,0.791588017,NA,NA,NA,NA,NA,NA,NA,NA,NA,NA,NA,NA,NA,NA,NA,NA,NA,NA,NA,NA,NA,NA,NA
7,ARNO04,4.688413139,4.5,2.027690541,18,3.619392214,21.51,8.9867,7.606980923,8.046376812,0,0.779347826,193.2324994,5.771577053,12.64600323,4.795149628,NA,3.714298495,2.348579655,1.196937031,98.80306297,21.51,5.175,0.725052524,NA,NA,NA,NA,NA,NA,NA,NA,NA,NA,NA,NA,NA,NA,NA,NA,NA,NA,NA,NA,NA,NA,NA
8,ARNO05,5.98392462,5.325,3.565461028,19,4.03327946,24.386,10.73496,7.472010895,8.249532001,0,0.783445513,97.80785112,5.363269187,8.060303176,5.761428671,NA,5.324717296,3.982775765,1.57998225,98.42001775,24.386,4.87,0.844012148,0.239967978,0.106066017,1.063184605,0,0.450348299,1.260064284,0.036967543,0.077922051,0.184030219,0,0.02667515,50.86806991,0.525230033,2.805984396,0.535221915,2.828427125,0.073790852,0.854131048,0.294928521,0.294928525,1.260064284,0.664680374,0.048278107
9,ARNO06,4.382839999,3.35,1.843000569,11,2.197157254,28.29,11.749975,7.50826288,9,0,0.794827586,114.0840166,6.151896288,8.731448256,5.957202973,NA,3.839522484,3.040718734,1.075745112,98.92425489,28.29,7.325,0.705117317,NA,NA,NA,NA,NA,NA,NA,NA,NA,NA,NA,NA,NA,NA,NA,NA,NA,NA,NA,NA,NA,NA,NA
10,ARNO11,6.389062229,5.133333333,3.016121494,21,4.295216978,26.464,15.5256,7.875631317,8.150943396,0,0.759259259,498.7254817,14.68916474,16.82123423,7.889086821,NA,5.780738792,4.845087532,0.283345577,99.71665442,26.464,6.533333333,0.880163038,NA,NA,NA,NA,NA,NA,NA,NA,NA,NA,NA,NA,NA,NA,NA,NA,NA,NA,NA,NA,NA,NA,NA
11,ARNO12,9.576226448,7.745,6.230452335,22.5,6.646590668,28.058,17.700665,7.626991947,8.108538274,0,0.771154762,844.943586,17.409715,22.88079161,8.142884943,NA,8.709752605,7.24516061,0.934242497,99.06575751,28.058,6.62,0.940919932,0.275615162,0.431335137,0.150371769,0.707106781,0.639972644,1.572605481,0.729896833,0.107237427,0.107876505,0,0.002138157,345.8960351,3.111459017,5.191184157,0.2683444,2.828427125,0.292357693,0.094169827,0.16258019,0.16258019,1.572605481,0.735391052,0.009582278
12,ARNO35,7.436786913,6.8,4.913542757,23,6.532993188,26.318,15.25886,7.544172179,8.051948052,0,0.767407407,792.0573396,15.76408831,23.31417722,7.860637052,NA,6.826618171,6.257593421,1.068023798,98.9319762,26.318,6.98,0.868009125,NA,NA,NA,NA,NA,NA,NA,NA,NA,NA,NA,NA,NA,NA,NA,NA,NA,NA,NA,NA,NA,NA,NA
13,ARNO36,4.227295322,3.175,1.400833766,8,1.481342297,20.892,8.220975,7.690150387,8.048879837,0,0.760227273,105.1886512,3.596983022,9.604705321,4.486962575,NA,3.731477401,2.155608119,0.846182775,99.15381722,20.892,4,0.676055007,NA,NA,NA,NA,NA,NA,NA,NA,NA,NA,NA,NA,NA,NA,NA,NA,NA,NA,NA,NA,NA,NA,NA
14,ARNO5,5.739211563,5,4.541776809,18,4.959838707,24.234,13.8001,7.571332525,8.27027027,0,0.704,368.6339551,12.72223785,14.379799,6.800162473,NA,5.073389557,5.467314293,1.388888889,98.61111111,24.234,4.5,0.919000064,NA,NA,NA,NA,NA,NA,NA,NA,NA,NA,NA,NA,NA,NA,NA,NA,NA,NA,NA,NA,NA,NA,NA
15,FERN03,14.85457738,13.1,5.953175662,27,7.21734023,31.95,24.0337,7.391130191,8.071856287,0,0.752272727,1494.231228,24.69583513,29.7379716,6.720259085,NA,14.18673142,7.742643386,2.352236123,97.64776388,31.95,4.625,0.947442108,NA,NA,NA,NA,NA,NA,NA,NA,NA,NA,NA,NA,NA,NA,NA,NA,NA,NA,NA,NA,NA,NA,NA
16,FERN06,12.224527,11.45,5.377749463,22,7.016113815,26.559,21.69363333,7.450147994,8.043803559,0,0.703150277,1047.107307,24.03428982,20.1764068,3.348551786,NA,11.07758127,6.930171045,1.898912974,98.10108702,26.559,3.566666667,0.870240003,1.51887282,1.882153022,1.011766849,4.358898944,1.640112924,1.22907811,3.36116828,0.411633593,0.023964777,0,0.043168643,516.0324888,8.621843053,4.384411566,2.187293733,10.58300524,0.963816789,1.115518522,2.214438387,2.214438387,1.22907811,2.0262856,0.07835762
17,FERN08,13.14275291,11.825,5.326791291,21.5,6.523536339,25.042,19.4623,7.072675221,8.230467415,0,0.661755952,810.8947935,15.4248449,17.70759415,5.28961429,NA,12.27570272,6.252686414,3.086570633,96.91342937,25.042,3.575,0.816641838,0.377900703,0.176776695,2.49995059,4.949747468,2.95710116,2.791657572,1.931745016,0.095510903,0.062139013,0,0.013679149,1068.736419,14.17817133,17.82693422,3.830699575,11.3137085,0.30682986,3.08140045,0.284200169,0.284200167,2.791657572,0.106066017,0.043683826
18,FERN10,9.767087161,9.02,5.11902985,22.5,6.275221231,25.98,16.10536,6.850028749,8.20556982,0,0.725796703,395.0511016,12.28541401,15.36338497,6.15940249,NA,9.054595491,5.94248755,5.176638822,94.82336118,25.98,4.125,0.926870707,2.786473588,3.082985566,1.369081923,2.121320344,1.938452221,0.816001225,2.702335844,0.176713943,0.154409887,0,0.118071292,86.07986972,4.001675988,0.398500159,0.066882978,5.656854249,2.558228781,1.347960166,1.772858603,1.772858603,0.816001225,1.378858223,0.015620706
19,FERN13,5.857760376,4.95,2.892677853,19,4.018395202,25.482,14.94335,7.964277578,8.213649852,0,0.75,346.9921145,10.141691,15.62492298,8.130151622,NA,5.134686246,3.888514463,0.052770449,99.94722955,25.482,9.1,0.833436385,NA,NA,NA,NA,NA,NA,NA,NA,NA,NA,NA,NA,NA,NA,NA,NA,NA,NA,NA,NA,NA,NA,NA
20,FERN15,12.76648386,11,4.526450523,21,5.468089246,23.724,19.46815,6.85834234,8.019900498,0,0.692,455.598705,14.77658967,15.40295759,4.470851565,NA,11.73094428,5.838666425,4.968553459,95.03144654,23.724,3.8,0.898959041,NA,NA,NA,NA,NA,NA,NA,NA,NA,NA,NA,NA,NA,NA,NA,NA,NA,NA,NA,NA,NA,NA,NA
21,FERNW7,8.88037243,8.825,4.337193827,23,6.387764864,24.812,15.835725,7.355170096,8.028985507,0,0.694435737,356.0057485,12.04716124,14.41226696,6.757377182,NA,7.935108179,5.243976872,1.590961962,98.40903804,24.812,3.925,0.847222151,0.108320998,1.378858223,0.612090069,4.242640687,0.529547054,5.207134337,2.025754862,0.299352264,0.0136639,0,0.033582031,82.49712583,2.346268695,0.900808028,2.165680818,2.828427125,0.304016693,0.901464996,1.272748527,1.272748528,5.207134337,0.318198052,0.099376691
22,GRSM50,9.395071455,8.375,5.421171694,27.5,6.619148439,32.239,16.79085,6.106935174,8.011965812,0,0.779917115,1231.669966,18.47315831,28.23298888,8.272064196,NA,7.371499896,5.553623713,14.49045603,85.50954397,32.239,4.8375,0.929658411,2.361436165,3.570889245,1.152215994,10.60660172,2.746133262,3.74766594,2.445811645,1.400387834,0.004834918,0,0.005813355,918.5324975,6.487006647,12.02248722,0.56835348,2.121320344,0.293100911,0.452479773,13.11902606,13.11902606,3.74766594,0.441941738,0.012107193
23,GRSM53,9.500238863,7.4,6.467680267,33.5,7.34230942,38.582,19.88,7.628669994,8.571231595,0,0.793421475,2811.531208,31.40970947,42.70949405,12.34679573,NA,8.685828677,8.174857573,0.954845881,99.04515412,38.582,10.45,0.938018719,2.340689668,2.687005769,0.867530372,6.363961031,2.034940975,0.861256059,2.656776954,0.320608361,0.735896196,0,0.027864993,126.1660153,0.259974031,1.285833511,0.538037316,0.707106781,2.032516476,0.420145404,0.958239181,0.958239177,0.861256059,0.777817459,0.028825791
24,GRSM55,9.742586272,8,6.173744141,32.33333333,7.342132302,36.683,21.518125,7.357862279,8.800128207,0,0.771161343,2126.645574,28.66070655,35.35138813,10.16122704,NA,8.256980754,7.085637368,2.147835292,97.85216471,36.683,8.958333333,0.935011646,1.24241574,1.481342297,0.455844639,3.511884584,1.26303796,1.61009596,3.345693176,0.490061716,1.307989217,0,0.053355368,285.9641086,5.964416335,6.903548643,0.903152623,1,1.608542449,1.153199152,1.705720545,1.705720548,1.61009596,1.140814767,0.012370831
25,GRSM57,11.4999643,9.525,6.657696662,32.66666667,8.17415141,36.953,23.62486667,7.042055684,8.024735499,0,0.744549289,2430.483574,32.51248812,36.73039529,10.00339798,NA,10.15243049,8.108579716,5.240021421,94.75997858,36.953,8.175,0.938190776,3.22938148,3.312570754,0.858719908,0.577350269,1.57347087,3.494491522,3.8892293,0.697655841,0.010806251,0,0.053599672,412.9287412,5.157487758,3.138462759,2.446813929,1,2.910827949,0.918728266,6.383137768,6.383137769,3.494491522,4.054858197,0.038125839
26,GRSM60,11.423586,10.7,5.971305043,30,7.45513427,31.534,20.0512,6.981808099,9.274111983,0,0.702320076,669.1979812,18.7431545,17.39360504,6.367138342,NA,9.936258169,6.233867783,4.127888987,95.87211102,31.534,5.3375,0.895462716,4.910349689,5.868986284,0.639928693,2.828427125,1.454972859,0.214960461,3.097233768,0.377626409,1.566979765,0,0.036493673,173.7439077,0.487766274,5.520088124,1.530127171,0.707106781,4.338481985,0.01106921,1.315161086,1.31516109,0.214960461,2.386485387,0.009963477
27,GRSM61,11.78441659,9.875,5.434014888,24,6.265499796,29.3885,21.2324375,6.568632371,8.012237279,0,0.701265295,1013.601272,19.60716101,23.63614697,6.578350341,NA,10.79846061,7.063807665,9.957739532,90.04226047,29.3885,5.925,0.950523162,0.60967388,0.530330086,0.278888858,0,1.012188038,1.267842459,0.812448014,1.499530368,0.004790961,0,0.034706437,729.0475406,7.343860522,9.33026499,0.485316246,0.707106781,0.421762488,0.63777084,12.72071793,12.72071793,1.267842459,1.202081528,0.001327001
28,GRSM64,7.360600846,5.941666667,4.605734874,21,5.195774314,33.67333333,18.559775,7.668395499,10.4999423,0,0.742871148,1343.165788,21.06953344,29.3161666,9.865193077,NA,6.564840874,6.296562846,1.062386373,98.93761363,33.67333333,10.01666667,0.873318856,1.031223812,1.437952827,1.011671439,6.08276253,1.876321243,0.36421468,1.32561698,0.262846605,4.234870126,0,0.008259411,518.7915399,2.383092216,7.350187665,1.078899392,1,1.003983502,0.489099948,0.813096431,0.813096431,0.36421468,2.268029615,0.032624835
29,GRSM65,7.37209715,5.8375,3.264860617,18,3.826966638,25.682,16.633575,7.202371044,8.083020671,0,0.65237069,301.1377844,11.87991277,12.31925068,6.110900286,NA,6.776978625,4.649782426,3.920573971,96.07942603,25.682,6.225,0.903623377,1.073980819,0.76013979,0.117659835,0,0.320979297,3.698168466,0.654215194,0.423867016,0.02325882,0,0.05638567,117.0114275,0.796501596,3.981033064,0.743551379,0.707106781,1.257623568,0.019127371,3.024184704,3.024184702,3.698168466,1.060660172,0.025796918
30,GRSM66,8.770522235,7.1,5.32180504,23.33333333,6.244612678,32.50533333,19.14646667,7.242873154,8.113958115,0,0.778056835,1217.894237,21.05162479,26.78809014,9.360457003,NA,7.5749869,6.406361415,2.31015314,97.68984686,32.50533333,8.258333333,0.913779554,2.738732877,2.12588217,1.817521575,8.020806277,2.381773238,2.436722047,3.445213748,0.461958184,0.082797145,0,0.033243141,575.4034168,6.709319039,6.377097615,1.37089785,1,2.572247111,1.747861378,1.503457361,1.503457363,2.436722047,1.988456269,0.013941111
31,GRSMW2,9.248063998,8.35,5.673589132,22,6.486717197,31.142,19.987375,6.564144464,8.04664723,0,0.7578125,594.2150898,15.40285685,18.89357274,8.841788077,NA,8.762316273,6.794509962,6.566121023,93.43387898,31.142,6.875,0.93407092,NA,NA,NA,NA,NA,NA,NA,NA,NA,NA,NA,NA,NA,NA,NA,NA,NA,NA,NA,NA,NA,NA,NA
32,GRSMXX,10.73120852,8.661666667,4.679580865,24,5.348278301,32.638,20.16628667,7.068970893,8.194655783,0,0.684782666,1036.454502,19.1955368,19.56738424,6.537139815,NA,9.732418377,5.860921498,4.333956497,95.6660435,32.638,4.815,0.870905619,2.714618186,2.376872361,2.048232463,5.416025603,2.583531118,6.319854587,3.237498603,0.694659451,0.260296087,0,0.086089129,1281.523038,12.82304852,14.68697444,1.9194436,7.041543391,2.590430403,2.414334448,3.605837306,3.605837305,6.319854587,0.502361092,0.056796519
33,HARV33,10.65799357,9.166666667,4.093800076,23.66666667,5.688488957,26.14066667,19.525425,7.569926518,8.303378321,0,0.672934473,763.542132,18.5569892,18.42434163,5.547079131,NA,10.0581377,5.840443446,1.266425665,98.73357434,26.14066667,4.9,0.923919617,2.883311512,2.820941037,0.245691534,2.516611478,1.16716112,0.725970615,3.483223199,0.330150174,0.456088446,0,0.031021258,632.7333445,8.611386744,6.740170423,1.739904254,1,2.929166309,0.820401014,1.133504155,1.133504155,0.725970615,1.221934941,0.008392549
34,HARV34,5.906980739,4.75,4.690094064,26,5.281602538,28.2145,13.1658875,7.019685387,8.037856526,0,0.771695403,811.3832985,13.57680239,23.33033639,8.613191906,NA,5.014162986,5.375866912,4.419345756,95.58065425,28.2145,5.9875,0.74101547,0.904540028,0.601040764,0.134431198,1.414213562,1.035905046,0.77993878,2.561441282,0.491431846,0.010022948,0,0.007111706,664.0761876,2.931285918,12.52620619,1.31740405,0.707106781,0.836198745,0.226881428,4.161255521,4.161255518,0.77993878,0.583363094,0.146993283
35,HARV35,7.194976235,6.2875,2.102969041,15,2.96337862,17.486,12.4201125,7.736939625,8.042383047,0,0.529312866,53.3914414,5.933695824,3.893633207,2.549635912,NA,6.525632362,3.040454194,0.990295108,99.00970489,17.486,3.325,0.747120329,0.300625101,0.618718434,0.568528127,1.414213562,0.814646745,0.772160605,0.117786312,0.372950904,0.022844553,0,0.013542542,32.57192922,1.434382352,1.996792101,0.517440925,0.707106781,0.381325268,0.52231799,1.400488772,1.400488775,0.772160605,0.459619408,0.079336684
36,HARV36,10.38290639,8.241666667,4.561582879,20,5.283290755,27.599,18.57768333,7.336344661,8.101054014,0,0.714145299,720.2920126,17.99009968,19.10051496,6.252108944,NA,9.642468206,6.010531072,1.761603456,98.23839655,27.599,5.883333333,0.941854251,0.860548973,0.538709879,0.116823131,1,0.254844456,1.842289065,1.458021204,0.323514721,0.085578296,0,0.011048228,370.1579355,5.26007374,4.478795107,1.041150762,1,1.169589836,0.549433362,0.773117207,0.773117204,1.842289065,0.678847062,0.024397501
37,HARV37,7.303229841,6.15,3.849669445,17,4.614202627,21.664,13.72225833,7.412906912,8.244772612,0,0.644602273,147.3842603,8.170763925,8.721657296,5.050390947,NA,6.748982267,4.754903974,1.489647073,98.51035293,21.664,4.225,0.88897584,1.83082962,2.13116752,1.117527148,2.645751311,1.167508532,1.178731946,0.691714557,0.157613291,0.314555026,0,0.014549782,56.91633327,1.899965363,1.795407576,0.639233706,1,1.94316754,0.782244799,0.810949117,0.810949117,1.178731946,0.651440711,0.046715268
38,HARV38,5.234977726,4.4,2.576346823,19,3.124751153,23.03133333,9.950483333,7.791562688,8.566387625,0,0.739571204,120.6157561,5.297712263,9.613450628,5.584911816,NA,4.508462833,2.971897065,0.503408742,99.49659126,23.03133333,4.258333333,0.759271239,0.735158118,0.93508021,0.609489699,8.544003745,1.124508934,4.374295981,0.491983514,0.063706236,0.713180293,0,0.050185032,6.190310098,0.426245089,0.125167973,1.751951743,1,0.671884939,0.118609379,0.385287335,0.385287335,4.374295981,0.700148794,0.026105043
39,HARV39,7.468398576,6.1625,3.836987086,19,4.423084297,24.2275,15.073125,7.209570653,8.289215687,0,0.699519231,362.8169307,12.86827349,13.8093815,6.357924599,NA,6.738104333,5.104724776,2.432422292,97.56757771,24.2275,5.525,0.911295882,2.04975901,1.573312588,0.070737076,0,0.139734059,1.494116629,2.897758945,0.010010202,0.298094035,0,0.034675429,86.4442721,0.483163765,3.580147274,1.679348167,0.707106781,2.067415184,0.244747808,0.163703174,0.163703175,1.494116629,0.671751442,0.027918891
40,HARV40,6.001521459,5.175,2.900704649,18,3.89799628,24.011,11.229725,7.87812178,8.079404467,0,0.724,186.5560646,7.641354742,11.32103186,5.291873135,NA,5.586800878,4.074109941,0.173568063,99.82643194,24.011,4.525,0.800397152,NA,NA,NA,NA,NA,NA,NA,NA,NA,NA,NA,NA,NA,NA,NA,NA,NA,NA,NA,NA,NA,NA,NA
41,HARV41,8.412533081,7.316666667,3.909546619,18,4.634444353,21.308,13.90889167,7.138266719,10.59299514,0,0.695657467,241.4120674,9.706010947,11.50999038,4.993879637,NA,7.651861493,4.861989702,4.218989191,95.78101081,21.308,4.316666667,0.917441803,1.691030919,1.429670708,1.224677769,3.605551275,1.577502238,1.545832138,2.034579063,0.670031523,4.291240974,0,0.023461938,139.2766518,3.219463357,3.423940176,1.019359884,1,1.527749306,1.150319487,4.851132023,4.851132024,1.545832138,0.550757055,0.032809668
42,HARV42,6.165314742,5,3.127478276,14,3.451230336,23.461,13.07568333,7.430260322,8.678727938,0,0.717541667,301.6139514,9.275971703,12.72725086,6.602599242,NA,5.622992567,4.237026989,1.448518837,98.55148116,23.461,5.208333333,0.842958353,1.447505973,1.637070554,1.616528571,7.810249676,2.203069166,0.443169268,1.427699391,0.403977342,0.984213293,0,0.030072915,323.4926645,5.323371582,7.21406915,0.151432177,1,1.342302566,1.57652188,1.15418722,1.154187221,0.443169268,0.635577166,0.080068206
43,HARV43,8.513780894,7.991666667,2.874639398,16.66666667,3.542564295,19.88966667,13.72546667,7.570494734,8.441355655,0,0.659475108,71.32681137,5.865110779,5.621297257,3.784161616,NA,7.830020495,3.604636568,2.598871391,97.40112861,19.88966667,4.033333333,0.887246885,1.839271004,1.932668708,0.428835272,3.214550254,0.526825228,1.209939806,1.848431439,0.65674588,0.388854242,0,0.007419388,44.48260909,1.638474239,2.303878964,0.992182442,1,1.789169224,0.367606137,4.345840352,4.345840351,1.209939806,1.183832055,0.01958506
44,HARV44,6.977456451,5.766666667,3.346047716,16,3.862412347,21.10566667,13.26010833,7.618584505,8.304665661,0,0.668704906,204.2954059,8.928672515,8.891806351,4.918353728,NA,6.413793341,4.339552515,0.747183074,99.25281693,21.10566667,4.816666667,0.871747758,1.223415421,1.064287712,1.195756236,4.358898944,1.197197264,1.694230602,1.712306603,0.213489524,0.224328377,0,0.016264611,231.1136703,5.311999137,6.328321617,1.052627179,1,1.273585073,1.357526924,0.488447478,0.48844748,1.694230602,0.493921384,0.042071042
45,HARV45,9.471663064,7.6,4.971303782,21.33333333,5.876800265,24.76466667,17.18954167,7.085059114,8.472219802,0,0.687678063,636.7491224,16.5905757,17.65841516,6.166196506,NA,8.91641655,6.264576105,2.856716185,97.14328382,24.76466667,5.991666667,0.946515253,0.557848509,0.195256242,0.592998589,0.577350269,0.701215349,1.352080742,0.852392234,0.412275519,0.509853679,0,0.01857664,374.6027792,5.891358819,6.309939231,1.151185492,1,0.477857366,0.79301754,1.213388428,1.213388426,1.352080742,1.33002193,0.019996096
46,HARV47,6.969679524,5.8875,3.553808632,20,4.710173478,20.546,12.3123875,7.382763919,8.219162898,0,0.6875,229.3104143,8.215936042,12.63813016,5.08468695,NA,6.073214488,4.016463929,2.322915356,97.67708465,20.546,4.0875,0.886183519,1.95248473,1.325825215,0.362067284,2.828427125,0.142851702,1.855448194,3.310656272,0.777057482,0.000304805,0,0.123743687,28.59583579,0.999880241,1.781345001,1.8358112,0.707106781,1.909204134,0.712155497,3.155644351,3.155644344,1.855448194,1.11369318,0.064138309
47,HARV48,7.802830053,7.008333333,3.191510266,15.33333333,3.731290681,21.78366667,12.10676667,7.797209384,11.63426493,0,0.719818903,144.6130119,6.761618803,9.071342693,4.544754666,NA,7.340262163,4.083616982,0.585696365,99.41430364,21.78366667,4.316666667,0.888219631,1.629937406,1.593999164,0.051305948,1.527525232,0.433321222,1.658856936,2.485805646,0.283778931,3.643447705,0,0.050862804,125.2162306,2.56838987,4.278991787,0.28658065,1,1.657018918,0.364568502,0.409995175,0.409995173,1.658856936,0.200520157,0.010971486
48,HARV49,6.702776526,5.875,2.248075347,13.33333333,2.796122221,20.21366667,11.42328333,7.822214475,8.141649926,0,0.677404401,74.49237992,5.455449957,6.567740026,4.036321059,NA,6.136194527,3.236302095,0.399031871,99.60096813,20.21366667,3.75,0.80245981,1.834215348,2.00514962,0.71745353,4.509249753,0.970045509,1.001104057,2.168432045,0.161542193,0.137533697,0,0.045885502,14.9085685,1.11147673,1.075859849,0.731398058,1,1.752549619,0.624638473,0.347713207,0.347713203,1.001104057,0.281735692,0.069116137
49,HARV50,5.831953653,4.675,2.998107581,19.33333333,3.485516448,24.70766667,11.83516667,7.754061307,8.282979668,0,0.751065613,245.8791582,8.027923236,13.17603367,6.206978108,NA,5.321634746,4.127622331,0.754969084,99.24503091,24.70766667,6.05,0.805438084,0.351819512,0.3,0.62902614,5.686240703,0.969961408,2.747479269,0.085230219,0.147942788,0.366345375,0,0.013577602,102.6795078,0.554584257,3.380540104,0.525797057,1,0.333242151,0.553155219,0.715653519,0.715653522,2.747479269,0.264575131,0.064767075
50,HARV51,6.180274374,4.9,3.046467461,14.33333333,3.121293092,21.92033333,12.66273333,7.615463896,8.17760167,0,0.707772014,185.7417111,7.466315263,10.48026206,5.95671462,NA,5.53878125,3.976714371,0.803658453,99.19634155,21.92033333,4.65,0.821204038,1.127020449,1.053861945,1.018177599,1.154700538,0.980137309,0.698645356,2.680764323,0.258401709,0.185489396,0,0.035721749,122.0058786,3.318304984,4.385063727,0.131881347,1,1.036472754,0.744787305,0.647865114,0.647865116,0.698645356,0.883529852,0.122541017
51,HARV52,9.267644274,8.858333333,2.58875264,16,3.010984284,22.46966667,13.61936667,7.772302466,8.3498166,0,0.64890975,61.34941557,5.71319446,5.025894942,3.66748328,NA,8.641288978,3.550687025,1.073308467,98.92669153,22.46966667,3.075,0.776133911,1.753510463,1.953895681,0.409485135,1,0.406998728,1.503040031,1.55191483,0.396525475,0.407176594,0,0.01831889,36.88038276,1.484834603,1.723099881,0.560571714,1,1.606845876,0.37304257,1.838048187,1.83804819,1.503040031,0.534438958,0.026361399
52,MLBS60,9.528152788,8.6,3.226191255,16,4.197093507,16.87233333,13.46720333,6.68178814,8.215170897,0,0.654166667,78.60192811,6.329257892,6.002286894,2.565164074,NA,8.495586785,3.94131209,5.28092289,94.71907711,16.87233333,2.861666667,0.888562104,1.313372365,1.261942946,0.41003831,0,0.462719298,0.24759308,0.867676759,0.589671101,0.117839653,0,0.018055556,34.11876787,1.049140733,1.634553688,0.523246458,1,1.058585502,0.457319265,3.529196045,3.529196043,0.24759308,0.321571661,0.001248761
53,MLBS62,6.774451771,5.775,3.216583997,14.5,4.107792612,20.455,12.775475,7.433949691,8.907536324,0,0.673125,295.4538393,10.86911226,10.02114343,4.603877265,NA,6.293347245,4.427838409,1.718981366,98.28101863,20.455,3.6625,0.828509818,1.665687029,1.838477631,0.964180837,3.535533906,2.054465799,1.689985207,4.47549095,0.814713867,0.042134197,0,0.00265165,361.9245997,10.34721835,6.835270108,0.189049349,0.707106781,1.667160224,1.786053733,2.409415714,2.409415714,1.689985207,0.724784451,0.041370536
54,MLBS64,8.159935638,6.95,3.279476333,16.66666667,3.938456704,18.11466667,13.82518333,7.087450426,8.611312,0,0.644305556,119.6936877,7.678238373,7.621289938,3.605143766,NA,7.552960639,4.227663834,3.342198735,96.65780126,18.11466667,3.141666667,0.913498921,0.238462191,0.463006479,0.685005212,2.309401077,1.079218783,1.187539613,0.660446147,0.100209271,0.835194505,0,0.004935932,42.1245964,1.542447874,1.26581154,0.38978109,1,0.260163961,0.632532876,0.408093263,0.408093261,1.187539613,0.112731244,0.001307218
55,MLBS65,13.38057128,12.725,3.626545369,20.66666667,4.738331967,21.918,18.8882,6.136076734,8.822097343,0,0.658496894,285.2037156,11.64471754,10.93990551,2.290058659,NA,12.56289032,4.999849455,7.77953956,92.22046044,21.918,2.466666667,0.856059916,2.85886716,3.274141109,0.505175454,2.516611478,0.389072935,1.84206596,2.081335407,1.802918752,0.175295961,0,0.07059623,224.9306745,5.578297659,3.710350381,1.068104312,1,2.472122883,0.436828073,9.566397421,9.566397421,1.84206596,0.73753531,0.023073014
56,MLBS69,7.626663184,6.575,3.78079476,17,4.55121528,19.65033333,13.968,7.396536648,8.282300685,0,0.671845238,169.4618927,8.470187088,9.843599262,4.706243177,NA,6.823859995,4.429385194,1.803411043,98.19658896,19.65033333,3.6,0.910285699,0.766054165,1.10481899,0.516329304,4.358898944,0.948997742,0.595037254,0.797413286,0.13903473,0.286645293,0,0.03572356,22.50918763,0.25125055,1.081174701,0.373204447,1,1.095087417,0.365670971,1.093817999,1.093818,0.595037254,0.325,0.045874024
57,MLBS71,8.794089096,7.2925,3.559755369,15.5,4.522119698,19.3285,14.07032,6.622851721,9.041557117,0,0.630380953,175.8272759,8.898733183,9.533745708,3.26956322,NA,8.306430409,4.503806675,6.503762417,93.49623759,19.3285,2.9175,0.91186912,0.996274159,1.177332791,0.215671112,0.707106781,0.092961675,1.057124638,0.456621275,0.352788139,0.222682183,0,0.000875465,87.92918015,2.564304296,2.217966684,0.010039293,0.707106781,0.943027349,0.017015113,4.761333924,4.761333924,1.057124638,0.060104076,0.002225672
58,MLBS72,11.174181,10.18333333,5.1140485,20,5.823912592,21.39833333,15.87218333,5.874050629,8.19156868,2,0.68466811,151.8834595,8.120103576,8.478234461,5.628956484,NA,10.61014569,5.293786729,12.77324882,87.22675118,21.39833333,3.241666667,0.919665309,1.735353317,1.347296676,0.920109326,2,1.196845094,1.735185965,2.459422904,1.31902984,0.190232444,3.464101615,0.016832948,112.9030126,3.166020591,3.328166207,0.768666112,1,1.495865112,1.323397416,13.22477678,13.22477677,1.735185965,0.907377173,0.00523047
59,MLBS74,9.340875183,8.363333333,3.335531744,17,4.476612119,19.15733333,14.82124167,7.013223672,8.099108094,0,0.655891707,182.2893293,9.803463126,8.439086835,3.234648668,NA,8.510702976,4.654987809,3.08020037,96.91979963,19.15733333,2.858333333,0.91081326,0.566704474,0.364737348,0.382666327,1,0.651049844,2.477581347,1.552730168,0.298025378,0.132629492,0,0.042372644,126.1152459,3.700894149,2.957746212,0.220480266,1,0.623994787,0.594268123,1.60959416,1.609594159,2.477581347,0.397125085,0.03810353
60,MLBS75,8.705447424,7.258333333,3.493777686,17.33333333,4.482751887,20.343,16.11719167,7.400516384,8.303466923,0,0.659758297,372.7138567,12.78533073,13.98985976,3.967980887,NA,8.011600064,4.911650523,1.57824051,98.42175949,20.343,3.483333333,0.867229231,1.950888898,2.260715226,0.699009443,1.154700538,0.577897723,0.808155926,0.504778141,0.115032251,0.461515938,0,0.030340226,179.726709,2.969292308,3.388628232,0.545687775,1,1.863452265,0.378002481,0.306689664,0.306689659,0.808155926,0.573548894,0.079384886
61,MLBS76,9.814884858,8.758333333,4.134646018,17.66666667,4.995871898,19.843,14.73828333,6.679966925,8.511802735,0,0.664943609,99.75938801,6.751531673,6.453710643,3.532016033,NA,9.024557518,4.626961819,5.191396408,94.80860359,19.843,3.15,0.894250486,2.364788621,2.037819505,0.323777978,2.081665999,0.764253539,1.413782515,3.188061214,0.504241006,0.747916396,0,0.02610905,77.0911874,3.381044028,2.712430983,1.501538267,1,2.294944391,0.616164658,1.419490527,1.419490526,1.413782515,1.002808556,0.060703628
62,OSBS28,2.784081211,2.6625,4.149299956,10.5,3.919354407,10.921,2.789,0.655918855,8.74449884,27,0.936888112,0.116250822,0.096162994,0.237029514,4.142507186,NA,8.634910229,1.044312512,88.28299664,11.71700336,10.921,2.375,0.948072039,1.025168629,1.007627163,0.150553749,0.707106781,0.095901368,1.127128209,1.059953065,0.379361304,1.029978112,7.071067812,0.045739424,0.163085108,0.123837231,0.293777741,0.111584532,0.707106781,2.890055569,0.82041767,7.522686363,7.522686364,1.127128209,0.883883476,0.009215596
63,OSBS29,5.306696422,4.833333333,3.088109754,9.333333333,2.952335619,11.29366667,6.096008333,3.427130996,8.490092874,8,0.766756854,2.2246267,0.749399452,1.241987032,3.502132574,NA,5.923757523,1.947360895,40.74613609,59.25386391,11.29366667,3.041666667,0.897524266,0.411367957,0.4488411,0.354343838,1.154700538,0.363932115,1.662973341,0.513047059,0.683256601,0.364312306,1,0.031159169,1.252824805,0.168764392,0.390207175,0.496323228,1,0.840320759,0.274613005,6.68772352,6.68772352,1.662973341,0.339423531,0.007454128
64,OSBS30,7.063935665,6.708333333,4.266709794,15.66666667,4.250602223,16.066,8.443058333,2.980421896,9.001000668,11.33333333,0.826336898,12.12602097,1.672473263,2.52276709,5.087680647,NA,8.667623905,2.59644529,49.30711474,50.69288526,16.066,3.616666667,0.920085756,4.127073461,4.021375179,0.50773242,5.507570547,0.64187897,5.284001136,5.076191983,1.239743187,1.416035701,7.023769169,0.015684502,13.92420021,1.280699259,1.675279065,0.832628463,34.35597959,3.053784656,0.687210211,17.76688366,17.76688366,5.284001136,1.47507062,0.015288137
65,OSBS31,4.939612377,4.491666667,4.62764865,14,4.42075554,14.93233333,5.708015,2.448838195,10.14691112,18.66666667,0.868351648,9.315102932,1.214128039,2.722818526,5.167643642,NA,7.662692787,3.257044417,58.58175368,41.41824632,14.93233333,2.495,0.960513043,2.220973766,2.188940002,0.814549442,4.358898944,0.955938383,3.928900779,2.379218253,0.766544559,2.880369165,8.082903769,0.009867534,5.013368245,0.27119351,0.753217797,0.682022865,1,1.47404644,0.909888921,13.03775387,13.03775387,3.928900779,0.663193034,0.015642647
66,OSBS32,5.760210514,5.383333333,4.673959034,13.66666667,4.442543168,15.56633333,6.401831667,2.965061382,8.406802671,12.33333333,0.859548611,3.821511747,0.938155079,1.598302798,5.05930481,NA,7.26057544,3.390558755,51.5362766,48.4637234,15.56633333,3.203333333,0.947835566,1.104137275,0.992891401,0.131225455,1.527525232,0.210867975,1.327343337,1.421326354,0.734344072,0.522531276,4.163331999,0.024871269,3.132642961,0.432479902,0.627031557,0.634496561,1,1.418916026,0.641438916,7.77372421,7.77372421,1.327343337,0.145028733,0.014531986
67,OSBS33,7.548454755,7.191666667,4.688113503,14.66666667,4.514802677,16.58866667,8.796636111,4.02318262,8.063558445,9.666666667,0.826203704,4.408230058,1.158128867,1.738705569,5.258932596,NA,9.37103194,3.003719652,41.48932292,58.51067708,16.58866667,3.416666667,0.93015208,1.119525134,1.151719729,0.166361411,2.516611478,0.236162396,2.213664006,1.399609789,1.181901875,0.083014851,2.516611478,0.010032099,1.066684975,0.151571599,0.206958548,0.141537133,1,0.834282258,0.938909913,7.18737969,7.18737969,2.213664006,0.534633831,0.023580183
68,OSBS34,8.307260243,7.683333333,5.376008609,17.66666667,5.196831502,20.131,10.07579167,4.067355327,8.160236221,10,0.838618161,14.92266,1.951783853,3.19898367,6.115410539,NA,10.18530952,3.864762524,39.49324935,60.50675065,20.131,3.833333333,0.953454325,3.24579444,3.284654979,0.31762404,3.055050463,0.447256655,1.984950629,4.041983402,1.718571646,0.192623983,7,0.022293707,8.525897164,0.503711391,1.032390305,0.693914263,1,1.678455136,0.578810561,20.23847232,20.23847232,1.984950629,0.418578945,0.008310903
69,OSBS35,6.123279086,5.9375,6.411551614,17.5,6.244588952,17.6735,6.600675,1.799417436,10.06411828,19,0.905263158,1.738754746,0.59795703,1.171603498,6.855783054,NA,10.65603302,3.402525243,70.00739414,29.99260587,17.6735,3.8625,0.957110794,1.165636166,0.901561146,0.291589123,0.707106781,0.405700204,0.217081782,1.73934126,1.576086455,1.414621558,5.656854249,0.026051303,0.01364014,0.11400772,0.064007821,0.249162145,0.707106781,0.681911951,0.369484646,20.030273,20.030273,0.217081782,1.467246571,0.014301025
70,OSBS36,6.41651745,6.075,4.881207232,13.66666667,4.676530134,15.34033333,7.178375,2.355678286,6.109585184,16.66666667,0.885133929,3.964504864,0.804900993,1.434285852,5.426669726,NA,10.12342621,1.878258271,59.97521544,40.02478456,15.34033333,3.125,0.917089911,3.549405451,3.225290685,0.320702182,0.577350269,0.267696389,2.954066745,4.379097201,2.148656193,3.639896209,11.93035345,0.056295103,5.002624657,0.778675354,1.132633974,0.661147775,1,1.061699074,0.425470864,26.58031677,26.58031677,2.954066745,1.193995394,0.04872961
71,OSBS37,6.10502104,6.014583334,6.892582415,16.75,6.739373686,17.88,6.532185417,1.386995764,8.368436752,19.5,0.90072304,5.067861373,0.820918773,1.815165615,7.372734937,NA,11.94494348,2.423898257,76.41582896,23.58417105,17.88,3.666666667,0.942260452,1.424388589,1.479995855,0.487640057,0.5,0.603606398,1.219499624,1.561214017,0.45063486,0.265144576,6.350852961,0.040673385,4.809833412,0.555927685,1.075382622,0.44578279,1.290994449,0.778955968,0.564994209,7.613520227,7.613520227,1.219499624,0.744485903,0.009423307
72,OSBS38,5.837851891,5.491666667,4.461460305,13,4.241712514,14.14333333,6.560225,2.488762597,8.372887811,13.66666667,0.83559057,1.042367291,0.611573716,0.81100377,5.026272545,NA,8.181646012,2.325136997,54.33538512,45.66461488,14.14333333,3.175,0.899528293,1.126701923,1.032392044,0.366680431,1.732050808,0.347670718,1.497823198,1.28083156,0.897372403,0.522584958,4.163331999,0.044992562,0.156224146,0.080380772,0.097291215,0.489603716,1,0.584707302,0.60825752,11.08094435,11.08094435,1.497823198,0.313249102,0.056363659
73,OSBS39,3.027608634,2.816666667,4.049202218,11,3.770479594,12.22366667,3.424416667,1.760663929,10.6356989,24.66666667,0.911507937,0.622281042,0.296809903,0.679601916,4.584412997,NA,7.2551338,2.099689594,72.1673489,27.8326511,12.22366667,2.441666667,0.957531542,0.961890906,0.968998624,0.749354492,1,0.781569224,1.099286284,1.125215749,0.500361458,4.18185844,2.081665999,0.015525715,0.464692418,0.136197518,0.29989911,0.877319145,1,1.353435644,0.334645214,5.968259741,5.968259741,1.099286284,0.264968552,0.028144426
74,OSBS40,7.930691913,7.333333333,4.883811576,16.66666667,4.848893093,18.32466667,9.688233333,3.811388777,8.438502301,8,0.82097875,42.34024834,2.860274132,5.067008594,5.611165101,NA,9.438235359,4.073721887,38.10372008,61.89627992,18.32466667,3.441666667,0.946724109,2.341923439,2.219844214,0.539675212,1.527525232,0.43356506,2.462069319,3.451545775,1.442753509,0.376658679,7,0.06497022,35.77614219,1.737692074,3.115635162,0.866027489,1,0.930713025,1.286770489,21.07924172,21.07924172,2.462069319,0.414075275,0.032309398
75,OSBS41,5.060095174,4.925,6.058655829,15.66666667,5.858515,16.37066667,5.254016667,0.873085225,6.802739688,24.66666667,0.936746945,1.339081176,0.368263664,0.833891516,6.317183323,NA,11.45687426,2.472930424,84.59236885,15.40763116,16.37066667,3.35,0.96747079,3.232355199,3.145532546,2.398385885,4.509249753,2.329461417,5.554699302,3.533747595,0.771893108,4.383741717,7.023769169,0.022049252,1.962590531,0.404037583,0.773877002,2.742503071,1,3.804726518,1.016310132,8.904662375,8.904662372,5.554699302,0.597390157,0.011671847
76,OSBS42,8.065598658,7.675,5.221506808,15.66666667,5.152582255,18.19833333,9.522033333,2.915064396,8.812684692,11,0.810863966,10.14286215,1.610219086,2.594040855,6.20491929,NA,10.78738676,2.737686908,48.99685378,51.00314622,18.19833333,2.875,0.895690995,1.727643578,1.582916612,0.474167693,1.527525232,0.418068971,1.331267942,2.438588186,1.513268484,1.189372257,4.358898944,0.072694881,7.032558165,0.669575283,0.884975688,0.542472864,1,0.470277637,0.413512516,18.32560232,18.32560232,1.331267942,0.288314065,0.061969838
77,OSBS43,4.288498679,3.966666667,4.274247377,11.33333333,4.012335552,12.26766667,4.742333333,2.262160755,9.010267497,18.66666667,0.869444444,1.584970295,0.563653821,1.091795949,4.741059029,NA,7.381134995,2.233310642,62.73852369,37.26147631,12.26766667,3.083333333,0.945720062,0.885069795,0.893145192,0.342741161,0.577350269,0.421153331,1.353024144,1.008870148,0.352219094,0.914437204,3.214550254,0.01202813,0.842413087,0.168464175,0.290670303,0.550125168,1,0.867459481,0.208801322,6.689630529,6.689630529,1.353024144,0.2081666,0.011572448
78,OSBS44,8.087126983,7.525,5.348954976,15.66666667,5.15285429,17.07366667,9.277658333,3.661766951,10.26187549,9.333333333,0.838002645,6.4857298,1.05906523,2.117399887,5.842056756,NA,9.706447781,3.44624163,42.49219352,57.50780648,17.07366667,3.008333333,0.945380227,2.484290094,2.423710998,1.506421578,3.214550254,1.465205274,3.24857143,2.922418153,1.376312667,1.710823916,4.932882862,0.068467233,5.254318785,0.155792403,1.138780603,1.376293724,1,3.056001503,0.819225647,16.82066547,16.82066547,3.24857143,0.146486632,0.027604194
79,OSBSC.,5.638468233,5.366666667,5.719730895,16,5.463947636,17.026,6.246291667,2.312599338,8.756882572,19.33333333,0.895493421,3.604804831,0.777123301,1.730881171,6.462576536,NA,10.3137443,3.035720342,60.55247329,39.44752671,17.026,2.833333333,0.950503161,2.228639384,2.347117026,0.800887264,2,0.991105111,2.101294125,2.016556981,0.574355745,0.735318825,5.507570547,0.019635623,0.118572227,0.084249679,0.017431467,0.649610819,3,2.119593285,0.639773769,10.16752564,10.16752564,2.101294125,0.072168784,0.013479462
80,OSBSD1,7.914576864,7.4625,5.204016214,14.5,5.024016244,16.862,9.3999,3.61632468,10.44668219,9.75,0.819684168,24.17729872,2.120513093,3.966905971,6.085824527,NA,10.19411863,3.125014236,41.50268507,58.49731494,16.862,3.3625,0.916787918,1.062807547,1.149909417,0.30973442,1.290994449,0.348589123,1.000033999,1.169218356,0.198543043,3.559445176,3.095695937,0.027499393,19.29334939,0.821722675,2.141014976,0.536157309,1.290994449,0.687005504,0.369062259,6.071728214,6.071728214,1.000033999,0.489259645,0.018704283
81,OSBSD4,5.397017218,5.0125,5.017777181,13.75,4.776837151,15.12775,6.32819375,2.395935947,9.213934821,17.25,0.849291597,6.246237016,1.161662685,2.124435274,5.754923584,NA,8.737578341,2.952285273,59.85744063,40.14255937,15.12775,2.7375,0.946803975,2.125864236,2.169917433,1.320427075,3.304037934,1.341772129,2.27778509,2.153948909,0.788091704,2.014962263,4.787135539,0.051536257,3.356471172,0.508690033,0.502629655,1.148017949,1.290994449,2.735795112,0.886581165,13.08029479,13.08029479,2.27778509,0.329456623,0.008482854
82,OSBSD5,6.286905737,5.9625,5.730586376,15.25,5.458172475,17.28,7.09450625,2.455097916,8.341010198,17.5,0.882791193,6.354386709,0.994535963,1.92099663,6.511379288,NA,10.78071715,2.833172937,59.88648571,40.11351429,17.28,3.4375,0.936720156,2.146065517,2.057759704,0.784360044,2.62995564,0.712896185,2.905734216,2.592132477,1.050446962,0.230344553,7.141428429,0.046851339,8.027570729,0.754188191,1.290197403,1.088665172,1.290994449,1.159922744,0.677966799,16.26618845,16.26618845,2.905734216,0.739509973,0.032963621
83,OSBSD8,7.584472319,7.145833333,5.219797034,14.25,5.114876381,15.2705,8.5975375,3.185879652,8.364702779,12.5,0.827199681,41.63257868,1.901823747,4.148813227,5.806207338,NA,10.41238267,2.465823569,48.59412856,51.40587144,15.2705,3.2875,0.876894794,2.587648416,2.372688934,1.085358621,1.707825128,0.953612549,2.697551297,3.21787051,1.363044708,0.54422688,7,0.062663915,75.05289691,2.163572887,4.801695284,1.171029709,1.290994449,2.409080396,0.612302509,19.42065259,19.42065259,2.697551297,0.301039864,0.080603823
84,OSBSE.,5.723813755,5.441666667,5.344453364,14.33333333,5.103065786,16.588,6.610008333,2.467806064,8.194320317,19.33333333,0.880416667,4.334570598,0.870463331,1.8031175,6.273050997,NA,9.762646905,2.542988949,61.64746298,38.35253702,16.588,2.691666667,0.947098554,3.212973767,3.189566324,1.038324233,3.511884584,1.099837205,2.345002559,3.351536598,0.669381321,0.225100973,7.505553499,0.035180585,2.880574059,0.31479194,0.623981762,0.8037381,3,2.305454874,0.145480498,12.85354244,12.85354244,2.345002559,0.269644828,0.032348757
85,OSBSW.,4.323082648,4.066666667,5.070221291,13,4.7484043,14.20066667,4.55635,1.384839869,8.264709846,22,0.914351852,0.452527555,0.276676305,0.611687503,5.393325177,NA,9.156030762,2.767677325,74.42767478,25.57232522,14.20066667,2.3,0.971463515,1.278555017,1.18752193,0.889449259,2.645751311,0.858551052,3.106135273,1.37906569,0.702526264,0.171153579,4.358898944,0.014638344,0.012029455,0.043092314,0.029450259,0.933099296,3,1.552538625,1.065863858,11.62178303,11.62178303,3.106135273,0.175,0.012297399
86,RICEC1,10.83741082,9.741666665,5.993012629,22,6.155207052,35.542,16.74788334,7.274244855,9.180270782,0,0.833460816,338.8217045,10.64013952,14.93480684,7.709834046,NA,9.896381122,6.755291026,2.542519424,97.45748058,35.542,5.366666667,0.928524058,2.813401186,3.594459469,0.97601797,0,0.869812923,13.65847459,1.56070252,0.167931057,1.299080369,0,0.070017994,82.06035551,1.574375836,1.625638646,0.357684624,0.707106781,2.650714444,0.68115035,0.527940479,0.527940482,13.65847459,1.555634919,0.014199903
87,RICEC3,6.13287501,4.866666667,3.978701249,22,4.208985098,28.793,13.8716,7.994707053,8.051391863,0,0.788888889,403.5739144,10.4134489,17.17946438,8.253465837,NA,5.530354714,5.101114278,0.00740631,99.99259369,28.793,7.133333333,0.847977393,NA,NA,NA,NA,NA,NA,NA,NA,NA,NA,NA,NA,NA,NA,NA,NA,NA,NA,NA,NA,NA,NA,NA
88,RICEC4,12.11277166,10.2,7.883974268,29,9.321659366,31.982,18.9113,7.659570043,8.656716418,0,0.792929293,1377.549817,22.61707918,29.42817605,9.349572851,NA,11.8068027,9.11971001,0.568181818,99.43181818,31.982,4.833333333,0.926768183,NA,NA,NA,NA,NA,NA,NA,NA,NA,NA,NA,NA,NA,NA,NA,NA,NA,NA,NA,NA,NA,NA,NA
89,RICEC5,5.596143352,4.733333333,4.559572736,28,5.656461399,28.786,11.63526667,7.974158823,8.044444444,0,0.795555556,325.2366534,7.100279805,16.57777669,7.995277701,NA,4.756124601,4.499870581,0.026616982,99.97338302,28.786,6.266666667,0.720648656,NA,NA,NA,NA,NA,NA,NA,NA,NA,NA,NA,NA,NA,NA,NA,NA,NA,NA,NA,NA,NA,NA,NA
90,RICET2,9.487779881,9,8.411117737,29,9.316651759,29.888,13.94013333,5.163544569,8.095427435,5,0.819354839,202.518792,7.930318757,11.81646463,9.710857904,NA,8.980629912,6.553716974,26.02558712,73.97441288,29.888,5.2,0.964058051,NA,NA,NA,NA,NA,NA,NA,NA,NA,NA,NA,NA,NA,NA,NA,NA,NA,NA,NA,NA,NA,NA,NA
91,RICET3,9.807000604,8.433333333,6.850693415,28,7.688447322,29.989,17.0224,6.892522695,8.102003643,0,0.770967742,886.7934324,17.26817157,24.26115585,8.455081657,NA,8.197337439,7.329256069,2.848799943,97.15120006,29.989,6.366666667,0.932085862,NA,NA,NA,NA,NA,NA,NA,NA,NA,NA,NA,NA,NA,NA,NA,NA,NA,NA,NA,NA,NA,NA,NA
92,RICET4,13.2755758,10.16666667,6.015988281,22,6.346039885,32.687,25.85983333,7.30928677,8.015180266,0,0.706862745,2062.402954,34.22446022,29.85111853,8.631805945,NA,12.29126481,8.349372654,2.221469692,97.77853031,32.687,6.233333333,0.946679817,NA,NA,NA,NA,NA,NA,NA,NA,NA,NA,NA,NA,NA,NA,NA,NA,NA,NA,NA,NA,NA,NA,NA
93,RICET5,5.84198025,4.566666667,3.06521864,15,2.603629945,31.433,16.2004,7.481446267,8.044444444,0,0.832291667,575.3857589,12.72884634,20.33131156,9.922432125,NA,4.999256096,4.336155947,1.591027647,98.40897235,31.433,7.633333333,0.777625945,NA,NA,NA,NA,NA,NA,NA,NA,NA,NA,NA,NA,NA,NA,NA,NA,NA,NA,NA,NA,NA,NA,NA
94,SCBI46,12.11523107,10.45,5.653762243,26,6.64118679,27.8755,19.0848375,7.026034794,9.210171293,0,0.727589286,554.9222988,16.6394866,15.75500376,6.410095334,NA,10.73983364,6.401266216,3.789510776,96.21048922,27.8755,5.575,0.945412566,0.372388262,1.308147545,1.308681372,4.242640687,1.404644457,1.707662877,0.568920438,1.048858263,0.977883496,0,0.017551401,353.760527,5.794918843,5.10668168,1.298871478,0.707106781,0.461572833,0.22935395,4.478749228,4.478749228,1.707662877,0.636396103,0.02249809
95,SCBI47,10.90788401,8.8875,5.944324921,25,7.611805826,31.8285,21.293875,6.805717037,8.124631544,0,0.769071691,1831.177981,31.32559421,27.59995589,7.889405584,NA,9.793961835,7.832861856,3.52063439,96.47936561,31.8285,5.9625,0.877774023,1.085442391,0.159099026,0.599371053,1.414213562,1.115884907,1.368251622,0.170589511,0.422727035,0.06704994,0,0.029181153,1058.003813,12.12708282,5.402683692,0.826158982,0.707106781,1.54892123,0.806300445,0.916240715,0.916240711,1.368251622,0.335875721,0.083401891
96,SCBI49,10.87966947,9.275,5.683059606,24.66666667,6.111184152,28.82433333,20.08025833,6.906947511,8.193026539,0,0.758022886,443.3687044,14.47646506,15.18736342,6.361636089,NA,10.01598905,6.664049884,4.927356999,95.072643,28.82433333,5.083333333,0.94553688,0.901790784,0.711951543,0.515104792,0.577350269,0.668827247,1.83195151,2.385494186,0.25615965,0.066957666,0,0.012766574,52.1980933,1.572493235,1.498081917,1.602181311,1,1.010418831,0.592900494,3.662418087,3.662418088,1.83195151,0.856713682,0.025489505
97,SCBI55,8.868458356,7.1125,4.751984532,24,4.737365952,29.9645,16.37395,6.917477106,8.033162002,1.5,0.755250784,211.0990628,9.744479263,10.568571,7.489308003,NA,8.73690424,5.533349116,7.144603691,92.85539631,29.9645,4.8125,0.929451613,0.275098328,0.088388348,1.723470281,9.899494937,1.660301983,2.607102702,2.87951559,0.86945462,0.014756935,2.121320344,0.079355557,47.90945887,2.948654789,0.452130758,1.546604638,0.707106781,0.524976872,1.022787449,8.502103415,8.502103416,2.607102702,0.053033009,0.016358555
98,SCBI63,12.20229144,9.975,6.361080709,31,7.935639546,34.613,23.3197,6.700922461,8.408888889,0,0.746527778,2385.083107,33.86237728,35.19122778,6.660174739,NA,11.3616071,8.235827015,5.184534271,94.81546573,34.613,4.625,0.915213784,NA,NA,NA,NA,NA,NA,NA,NA,NA,NA,NA,NA,NA,NA,NA,NA,NA,NA,NA,NA,NA,NA,NA
99,SCBI66,11.08915947,9.758333333,5.069400431,23,6.209170671,28.05233333,19.115675,6.714409524,8.163854681,0,0.726759259,955.0571035,18.2517831,21.08669212,5.916170946,NA,10.26325459,6.214982037,6.068382547,93.93161745,28.05233333,4.691666667,0.946474784,1.296771584,1.746663486,0.143323929,3,1.180407504,1.529291448,1.831575712,0.701881427,0.163306704,0,0.04750758,955.2155883,9.633597352,13.15732498,0.368694914,1,1.853205308,0.443997191,4.577384859,4.577384859,1.529291448,1.60084613,0.006268756
100,SERC43,4.34305175,3.525,1.571330853,9.333333333,1.647870345,29.95833333,9.6843,7.610139404,8.183720517,0.333333333,0.815515248,294.9108244,5.180408856,13.22779992,7.272973203,NA,3.840119192,2.671096983,2.524002973,97.47599703,29.95833333,6.183333333,0.583303628,0.643021905,0.696867993,0.686046985,4.041451884,0.62467791,7.892782104,1.086330609,0.330632387,0.092198526,0.577350269,0.066606967,385.164197,3.677935058,11.23040696,3.081492575,1,0.640721095,0.814426102,3.589320016,3.589320019,7.892782104,2.492028959,0.157260785
101,SERC47,8.884728997,7.516666667,5.863661355,28.33333333,6.64914947,35.64333333,18.909575,7.526431854,8.373130887,0,0.79735826,1201.816778,20.0127214,27.82155029,9.584199687,NA,8.333433014,7.188478604,1.012485577,98.98751442,35.64333333,7.216666667,0.899170807,1.931182853,2.18078732,1.394916236,4.618802154,1.432468846,1.856627139,3.06627412,0.106428079,0.514883348,0,0.02446814,389.713222,2.541476071,5.868947837,0.965990631,1,2.219458123,1.308562434,0.305200178,0.305200179,1.856627139,1.502567248,0.049546714
102,SERC48,6.959282166,5.735,4.047126324,25.33333333,5.302097813,33.865,17.18339,7.219275248,8.234807256,0,0.800159933,1514.336487,21.17463981,28.24155936,9.175502195,NA,6.138346057,5.630394768,2.921893903,97.0781061,33.865,6.82,0.844745968,1.998466856,1.59919511,1.340391141,9.609023537,2.152063119,1.925969107,4.063300569,0.267200207,0.260397716,0,0.026005615,1590.828022,14.3545541,14.01873526,0.554479893,1,1.869467512,2.004414347,1.798195815,1.798195813,1.925969107,0.477833653,0.053344465
103,SERC49,9.273699659,8.05,6.402483617,33,7.301703854,32.9275,16.677425,7.083514236,8.028103354,0,0.808455883,1332.371914,16.35530035,32.44700472,8.153662236,NA,7.631678552,5.795847129,4.221717705,95.7782823,32.9275,5.475,0.851971226,4.671950573,4.985102807,2.971520753,0,3.326257906,0.354260497,5.82221117,0.555136283,0.013123654,0,0.029636093,298.8102619,4.251718962,2.461459565,1.450284656,0.707106781,4.183019096,3.357335005,4.136865041,4.136865043,0.354260497,1.025304833,0.106449604
104,SERC52,4.456191934,3.85,1.554036116,11.5,2.198852499,30.4065,10.699975,7.847178509,8.027677222,0,0.818219697,40.72057879,3.628117478,5.216462911,6.670172967,NA,3.850501459,2.279305234,0.253865901,99.7461341,30.4065,6.9375,0.659270446,0.535249049,0.247487373,0.599626583,6.363961031,0.907659287,1.843427379,0.118086832,0.065092244,0.015120889,0,0.012802918,6.922958116,0.204878468,0.806063856,0.509440086,0.707106781,0.633945756,0.069329877,0.103425839,0.103425836,1.843427379,1.431891232,0.012018355
105,SERC53,7.902871408,5.95,5.208722922,25,5.291266389,34.703,19.624675,7.686875356,10.58585859,0,0.775694444,1654.561755,23.60251153,33.12828405,10.84165187,NA,7.10164635,6.767852823,0.626998558,99.37300144,34.703,8.125,0.891461118,NA,NA,NA,NA,NA,NA,NA,NA,NA,NA,NA,NA,NA,NA,NA,NA,NA,NA,NA,NA,NA,NA,NA
106,SERC54,8.664352829,7.391666667,5.484057819,27,6.009357226,35.45566667,18.04039167,7.709050098,8.253498216,0,0.773031874,601.0252231,13.36618745,19.21067892,8.84283665,NA,7.973626537,6.198320633,0.617292656,99.38270735,35.45566667,6.408333333,0.901613177,2.16548448,2.194500703,1.440216464,11.78982612,1.955249627,5.455103146,2.689841651,0.058293661,0.177745787,0,0.022751988,447.7122304,3.741394075,8.122935291,0.426083795,1,1.869250677,0.944244144,0.235133801,0.235133802,5.455103146,0.839022248,0.040276341
107,SERC55,5.317978183,4.391666667,2.251788498,14.33333333,2.747594206,20.52833333,10.49840833,7.707783541,8.441233884,0,0.666791667,46.43654609,4.24917281,4.742217662,4.438535472,NA,4.668072386,2.957887287,0.734610244,99.26538976,20.52833333,3.758333333,0.762559576,0.599520714,0.581126779,1.465555187,7.094598885,1.664564995,5.362727322,1.835107224,0.109549482,0.687663131,0,0.105686471,32.85045555,1.724878762,2.421459379,1.687272735,1,0.502956182,1.197149072,0.65081782,0.650817817,5.362727322,0.842738591,0.076235299
108,SERC56,9.574592389,7.858333333,5.968168127,29,6.488612709,34.60066667,20.009775,7.414860906,8.054961019,0,0.76451525,2028.092242,25.68614572,35.83503804,9.943815671,NA,8.843407005,7.532331108,1.192120681,98.80787932,34.60066667,8.041666667,0.932613402,0.571096285,0.880814017,1.239852852,2,1.097005089,0.98147559,1.310512348,0.378806791,0.05817848,0,0.016487403,1008.430385,6.428284941,9.215392919,1.569342686,1,0.68028342,1.390690279,0.983602924,0.983602927,0.98147559,0.694772145,0.010799684
109,SERC57,7.827811029,6.816666667,3.835128901,16.66666667,4.222427479,27.90966667,16.46559167,7.159392884,8.206736024,0.333333333,0.757520015,529.3874719,13.02309677,15.1958339,7.061532906,NA,7.056110727,4.874723958,4.600980054,95.39901995,27.90966667,5.391666667,0.913543008,2.076666469,2.089457665,1.09360868,4.725815626,1.546094848,2.185710487,4.875279993,0.717529246,0.310788144,0.577350269,0.023237825,638.1299273,10.71157006,8.86407632,0.637195847,1,2.232334242,1.834882988,5.652899045,5.652899045,2.185710487,0.375277675,0.047089823
110,SERC58,5.629737445,4.491666667,1.940835615,14,2.531178465,29.928,11.93560833,7.590428073,8.05391333,0,0.759913045,137.3099995,6.153204943,7.651551681,6.352259423,NA,5.031801432,2.983648789,1.212451533,98.78754847,29.928,5.583333333,0.63600293,0.845681299,0.670975658,0.586919913,6.557438524,0.830295649,4.619957467,1.593893272,0.070914037,0.01500345,0,0.055432175,181.5861157,3.918532041,6.782171073,1.694662506,1,0.799740821,0.853531029,0.481953222,0.481953218,4.619957467,1.167618659,0.089150242
111,SERC60,7.096609392,5.925,4.035445039,24,5.33234102,36.1575,18.1873125,7.358072982,8.050685446,0,0.811021804,1448.965524,18.58219663,30.78796443,8.80651738,NA,6.115630576,5.281244733,1.981245526,98.01875448,36.1575,7.875,0.845729914,0.614854752,0.883883476,1.390560901,14.14213562,2.956311636,5.571294329,1.917019517,0.475232638,0.049711678,0,0.037014662,1267.855314,8.350544793,15.55010864,1.518869481,0.707106781,0.055397626,0.761270846,0.588219875,0.588219879,5.571294329,2.192031022,0.008368486
112,SERC61,7.943306242,6.55,4.116439353,18.66666667,4.378825275,29.23066667,17.57996389,6.800193493,8.134993075,0,0.759135803,669.6703148,14.99371479,19.30252648,7.770366032,NA,6.840165696,5.203339296,5.395128108,94.60487189,29.23066667,6.422222222,0.909352463,1.793794856,1.890105817,0.341763458,3.511884584,0.392747351,3.041509548,1.529663987,0.48988299,0.200917888,0,0.059605854,480.0218575,4.300421422,9.48226398,1.998819187,1,2.040970753,0.329095017,1.708141089,1.708141089,3.041509548,1.708258806,0.028188262
113,TALL45,11.5724399,11.14166667,3.120450329,17.33333333,3.506750262,18.81733333,14.51645833,3.885275803,8.05206314,1,0.664890351,38.87986263,4.264168389,4.446335824,3.190847854,NA,10.83118756,3.24321919,32.80304596,67.19695404,18.81733333,3.383333333,0.820343276,0.872926392,1.206838155,0.531531107,0.577350269,0.479574184,0.790526618,0.441828546,0.390854779,0.031341195,1,0.048392276,13.37441975,0.742491362,0.915941628,0.705105897,1,0.836671551,0.344002463,4.267564055,4.267564055,0.790526618,0.447446459,0.018684402
114,TALL46,8.114902526,7.369333333,2.613850273,14.4,3.272318814,17.8094,12.82994933,6.645236315,8.607108273,1,0.601205848,54.55193462,5.134483131,5.031642447,3.639835595,NA,7.405755799,3.171813379,10.55471658,89.44528342,17.8094,4.061333333,0.868349729,0.768621675,0.731157378,0.598046338,1.140175425,0.391337843,0.949565322,0.882651899,0.481806637,1.114829097,2.236067977,0.044123783,24.05241348,0.944108927,1.642604088,0.976427625,1.58113883,0.695079328,0.409961957,10.25180842,10.25180842,0.949565322,0.812286211,0.033230697
115,TALL47,12.51363163,11.66666667,4.516799339,22.33333333,5.590588752,26.69966667,18.6922,6.038402602,8.389547285,0,0.73008547,272.834769,10.8209273,12.29539364,5.145156225,NA,11.32816247,5.394177533,12.09051187,87.90948813,26.69966667,4.266666667,0.921831561,1.926631474,1.681579119,1.019893494,3.511884584,1.150478641,2.491916197,1.843468763,0.621873117,0.592269505,0,0.011914515,68.1391298,0.676118034,2.528093979,0.304247823,1,1.647652196,0.939797093,3.874560802,3.8745608,2.491916197,0.434693379,0.021100264
116,TALL49,18.50387303,18.2,8.283408087,27,8.17252167,27.6835,20.3507125,3.246592047,9.056373391,6.5,0.829248769,113.0712895,4.776383978,9.451895971,8.989835402,NA,20.79780224,3.608281717,50.29400559,49.70599442,27.6835,3.5125,0.82093239,4.331813655,4.242640687,1.879080224,1.414213562,1.907820518,0.846406817,4.147234305,0.053471272,1.451643339,4.949747468,0.011059429,3.883780602,1.281662052,0.442220249,2.780015467,0.707106781,1.9046823,0.372171907,11.31364389,11.31364389,0.846406817,0.01767767,0.022971317
117,TALL50,13.63551487,13.5,6.419754702,21.33333333,6.689982201,23.34733333,16.13940833,2.807610802,8.022740649,8.333333333,0.807844203,403.147247,8.028276492,13.72336673,6.84320678,NA,15.82333227,4.400964156,58.65820557,41.34179443,23.34733333,4.65,0.877268752,6.665193523,6.637582391,0.720565803,5.507570547,0.483432755,5.418504068,8.584878449,1.090097853,0.00847093,10.21436896,0.076658843,529.1731837,7.216374651,13.17075474,1.031277739,1,3.01736086,2.020600231,23.01827997,23.01827997,5.418504068,0.859869176,0.052271349
118,TALL51,18.86347728,18.6375,7.897356924,29.5,8.400397688,31.06225,22.41450625,3.224369489,8.153504757,2.5,0.806719771,586.1524731,12.13311726,18.26019031,7.980014721,NA,19.1506339,6.569093099,49.0542692,50.94573081,31.06225,4.75625,0.876577874,4.118421393,4.509827232,2.906272551,3.696845502,2.552255529,3.74220384,5.086921829,1.198094458,0.289127879,2.886751346,0.018152015,464.3165458,7.463544713,9.217882159,3.680766668,1.290994449,2.677502805,1.809173238,17.54674644,17.54674644,3.74220384,1.045700523,0.02148373
119,TALL53,14.58582333,13.74166667,6.192681144,25.66666667,6.782508035,30.06466667,20.71919167,5.902087959,8.192819966,0.666666667,0.764742063,271.3195149,10.48037291,11.14244677,6.316479095,NA,13.38909622,6.571290067,14.17128913,85.82871087,30.06466667,4.475,0.951445364,1.368610806,1.63484199,1.218249183,0.577350269,0.92793568,3.8120289,1.890404795,0.851154314,0.225916085,1.154700538,0.015633851,249.530452,5.676593671,4.8751464,1.555513421,1,1.135008947,0.815887716,6.79583948,6.795839481,3.8120289,0.572821962,0.020386917
120,TALL55,12.00081046,11.24166667,6.323296469,24,6.712435365,26.282,17.39224167,4.972617119,8.051473897,3.666666667,0.770635803,235.2975059,9.003507756,10.4053843,6.860685043,NA,12.02910583,6.107174152,27.10855164,72.89144836,26.282,4.841666667,0.951114214,2.083071853,2.03935243,1.33339383,1.732050808,0.938485325,2.749377566,3.690552283,1.595913106,0.02634075,5.507570547,0.053148781,246.7879892,6.108605624,5.623916317,1.816681754,1,1.887347009,0.136651541,21.50640455,21.50640455,2.749377566,0.298258836,0.019041553
121,TALL58,11.88536766,10.505,4.957201338,24.66666667,5.777958643,31.22666667,19.43781333,6.526112887,8.188980574,0,0.750539327,442.7987709,13.43594925,15.16375102,6.815311489,NA,10.76156936,6.101284382,8.454231168,91.54576883,31.22666667,5.066666667,0.915821262,2.740709516,2.06822992,1.480654811,5.507570547,1.363883564,4.70969854,4.595405778,0.61471015,0.243694072,0,0.043810406,296.0385323,5.380981163,4.421208219,1.02310101,1,2.60853073,1.370582588,7.701960992,7.701960991,4.70969854,0.682519841,0.011121131
122,TALL59,13.0268721,11.75833333,7.034482116,29.66666667,8.290853594,33.726,21.95414167,5.919589142,8.11655981,0.333333333,0.759893765,713.8768081,17.98323832,19.31509683,7.639630609,NA,11.05240521,7.215453207,17.68844965,82.31155035,33.726,6.241666667,0.934081769,4.050436145,4.300096898,3.417163453,5.507570547,3.657414735,3.158083121,5.288008443,0.920498404,0.156005505,0.577350269,0.021841446,221.947094,3.910338783,3.289334851,1.429933647,1,3.177273495,1.926374888,12.98567827,12.98567827,3.158083121,0.564763962,0.031093119
123,TALL60,10.60429237,10.05833333,4.248824924,20.33333333,4.714239604,24.33333333,14.95672833,6.039804408,8.76675712,1,0.726111111,75.57669457,5.775917702,6.00810192,5.129221529,NA,9.631669332,4.286845588,11.20281849,88.79718151,24.33333333,3.32,0.886940941,2.120952616,2.225187258,1.297385219,2.886751346,1.193672875,0.901426277,3.008539559,1.22847441,1.033859134,1.732050808,0.026869325,52.62782425,1.935071014,2.330830544,0.838505089,1,2.476691461,1.244668455,7.993967236,7.993967236,0.901426277,0.700856619,0.057854567
124,TALL61,12.7766948,12.46666667,7.612206845,26.33333333,7.931603864,26.79766667,15.78043611,2.679717557,8.084497891,6.666666667,0.810181992,242.5769214,7.87779273,11.55826096,8.444540421,NA,15.38729156,5.215908541,56.72858333,43.27141667,26.79766667,4.847222222,0.910056651,2.70537763,2.589079631,2.041797536,3.055050463,1.849636962,3.300488802,4.184808459,1.573629714,0.040279665,6.658328118,0.059824566,228.1524644,5.357405452,6.456319928,3.795589968,1,1.023100901,0.19755142,23.34168227,23.34168227,3.300488802,1.125658244,0.063307201
125,TREE25,6.273135371,5.491666667,4.89494851,17,4.888535014,19.483,9.165416667,4.056303245,8.164984755,9,0.777259436,86.71658173,4.476631673,7.791563186,6.630046248,NA,7.424715681,3.966376279,39.94795033,60.05204967,19.483,3.783333333,0.917708293,0.385159909,0.4964457,1.54482418,1.732050808,1.315969461,1.297227813,0.471857281,2.117359796,0.135076257,7.211102551,0.044272925,52.6369333,1.348461427,2.670859857,2.253610328,1,2.455773463,1.121126204,20.79382168,20.79382168,1.297227813,0.644366614,0.078459712
126,TREE39,6.27467064,5.230555556,3.226722829,14.33333333,3.35179148,19.84633333,9.17473889,6.312916958,8.051733337,2.666666667,0.74023074,44.37963937,3.410017203,5.656187143,4.811177215,NA,5.98557237,3.436923298,18.65017959,81.34982041,19.84633333,3.991666667,0.865376372,0.897109017,0.484648594,1.312403637,5.131601439,1.229955049,2.224410334,1.514740568,1.911750492,0.044339235,4.618802154,0.105070885,4.77853521,1.010488832,0.342587055,1.729850652,1,0.416296373,0.540192269,19.99112014,19.99112014,2.224410334,1.844643145,0.018330297
127,TREE41,13.68293225,12.95,6.659981573,22.33333333,6.881524521,33.594,16.6595,4.160876795,8.015842794,5.333333333,0.849036616,96.96919442,4.91649976,8.346759577,8.04321003,NA,14.37501399,4.746536283,41.57955895,58.42044105,33.594,5.3,0.89688085,1.075581567,1.178982612,0.03118352,1.527525232,0.152251104,17.84112227,1.173758684,0.456212754,0.013742172,0.577350269,0.056308473,34.74522981,0.249617635,2.151960654,1.363974528,1,1.004039128,0.287224257,0.145923439,0.145923439,17.84112227,1.481342297,0.050628911
128,TREE42,11.89210768,10.88333333,4.491099394,21,5.133954829,23.043,17.112425,6.925927177,11.12019475,0.333333333,0.745305555,171.1338561,7.807046479,10.00727729,4.628002961,NA,11.01077373,5.039313667,9.868693247,90.13130675,23.043,4.2,0.929147432,1.098456485,1.14409717,0.176114201,2,0.42940275,0.53115252,1.536526346,0.398729104,3.786989927,0.577350269,0.031884022,92.2661798,1.331727827,3.644711915,0.987458248,1,1.006622017,0.215981659,4.507170488,4.507170488,0.53115252,0.739932429,0.022425572
129,TREE45,10.54997095,9.85,5.412314344,21,5.876010551,21.561,13.644175,2.452073791,8.113256113,5,0.776086957,188.233824,7.211563937,11.67163954,6.376334925,NA,10.94867354,4.478509286,51.14521762,48.85478238,21.561,4.6,0.911682069,NA,NA,NA,NA,NA,NA,NA,NA,NA,NA,NA,NA,NA,NA,NA,NA,NA,NA,NA,NA,NA,NA,NA
130,TREE46,8.391334132,7.641666667,4.343488944,19,4.820551381,22.15233333,12.494475,5.565174517,8.634396569,2.666666667,0.784306379,115.1423289,6.22558261,8.285207034,5.330319199,NA,7.794869738,4.355789099,24.47118717,75.52881283,22.15233333,4.783333333,0.926449215,1.744724812,1.668145178,0.304452864,0,0.361405696,0.969802214,3.025766491,1.673010789,0.619856761,3.055050463,0.040235332,58.61578593,2.849212584,1.868603588,0.65609957,1,1.448047376,0.352087237,19.0863671,19.0863671,0.969802214,0.712536549,0.009611985
131,TREE47,12.05318071,11.375,5.147590234,19,5.114612879,21.47966667,14.53885833,3.425453391,8.102269165,5.333333333,0.789806763,29.58313524,3.119252045,4.258741784,5.942720644,NA,12.26801909,3.857871019,46.0313726,53.9686274,21.47966667,4.066666667,0.882063322,4.588107132,4.627161657,1.317766746,2,1.295005845,1.922294809,5.280824043,0.416966203,0.070296243,3.785938897,0.040132521,15.72994907,0.992601552,1.260762731,1.807690367,1,4.104270355,0.345487081,4.108519431,4.108519431,1.922294809,1.296710582,0.078174872
132,TREE49,9.877059805,9.016666667,4.52843845,19.66666667,5.057516116,22.745,15.01100833,6.60461373,8.042543998,3.333333333,0.740173913,131.9620632,7.489250265,7.746213671,5.59805121,NA,9.89676039,4.343403169,17.64971239,82.35028761,22.745,3.883333333,0.913797576,0.935601205,0.65685488,1.070793235,1.154700538,0.591963768,0.816729453,2.516185773,1.71365113,0.017557253,5.773502692,0.0594819,110.0035142,3.877154288,2.96170995,1.860422549,1,0.466544647,0.700161484,28.43650688,28.43650688,0.816729453,0.028867513,0.022336244
133,TREE53,9.276080201,8.208333333,4.712408244,17.66666667,4.662056986,21.999,13.68575,5.981096554,8.317069056,3.333333333,0.75513285,86.51224902,5.301317035,7.307941413,6.38309829,NA,9.173815871,4.460730841,20.92476104,79.07523896,21.999,4.991666667,0.929790125,1.191291042,1.285577043,1.013276804,2.516611478,1.103414921,1.487883396,0.199223541,0.109985353,0.473729379,2.081665999,0.012671235,52.14130262,1.297292351,2.412561102,1.224697205,1,1.263024188,0.649772277,2.246391285,2.246391285,1.487883396,1.399627927,0.042395913
134,TREE56,8.125800477,7.425,5.424796602,17,5.401382769,19.97666667,11.172725,4.063094401,8.068636028,8.333333333,0.783867277,76.37836249,3.998598327,6.693855789,6.820799163,NA,8.994824192,3.960903254,45.10785635,54.89214365,19.97666667,3.758333333,0.949311206,1.063179474,0.714580296,0.556955463,1.732050808,0.607069833,1.872190517,1.594276716,0.817008369,0.041106815,4.725815626,0.008700732,86.81234803,1.817835068,4.479763227,1.005716479,1,1.071641853,0.501108166,16.01909072,16.01909072,1.872190517,0.688446318,0.010643692
135,UNDE45,8.987346877,7.658333333,4.546860245,18.66666667,5.284553025,23.15,15.78876667,6.446979791,8.042533117,0.333333333,0.696162258,426.2235888,13.35391558,13.7173662,5.927858902,NA,8.299190747,5.596022563,8.533949489,91.46605051,23.15,5.4,0.93559176,1.760597766,1.966966785,1.917432278,4.509249753,2.490720074,3.058068181,2.48861207,0.308871095,0.032353935,0.577350269,0.031766142,324.355532,6.283214615,7.07932215,1.210735202,1,1.54194078,1.983076204,3.798291611,3.79829161,3.058068181,1.089437928,0.004017569
136,UNDE47,13.83719903,12.49166667,5.453724106,22.33333333,6.477625262,24.53733333,18.9869,6.535285,8.175763736,0,0.734969962,321.311634,9.900439964,12.8558097,4.407789636,NA,12.9261715,5.901061992,12.3146364,87.6853636,24.53733333,3.175,0.878529498,2.945709225,2.915082903,1.17629494,2.516611478,1.577258367,2.135818656,2.746814437,0.792264777,0.135500793,0,0.03605278,326.1230469,5.420269913,7.592910719,0.996818994,1,2.853028958,1.181872445,9.479274911,9.479274909,2.135818656,0.591079521,0.016892165
137,UNDE48,9.081806107,8.456666667,4.182101457,19.66666667,5.067001703,21.66033333,14.00589,5.138505013,8.734727851,1.333333333,0.720085639,209.9847347,9.233933497,10.94359656,5.315216513,NA,8.191977833,4.646738209,21.74529169,78.25470831,21.66033333,4.295,0.947715582,1.403209254,1.772571108,1.05648575,1.154700538,1.038467917,0.410280798,0.623961368,0.721521883,1.199000909,2.309401077,0.017412181,64.23256228,2.157087295,1.668030586,0.821002818,1,1.232351234,0.606777572,7.174251625,7.174251625,0.410280798,0.256076161,0.016564926
138,UNDE49,5.472210949,4.601666667,2.597576157,15.33333333,2.903089492,18.676,8.82996,6.383706799,8.469348763,1,0.738467046,35.83543432,3.362265233,4.814500447,4.350325755,NA,5.011625565,3.149194081,11.03109268,88.96890732,18.676,3.368333333,0.801842666,0.404641438,0.514546726,0.322407138,2.081665999,0.364478532,3.814014552,1.043552631,0.610322965,0.758491519,1.732050808,0.033946891,16.6266278,0.377389584,1.372721931,0.340335533,1,0.545812944,0.377019137,5.122777466,5.122777464,3.814014552,0.622702444,0.079157728
139,UNDE50,8.763837784,8.475,5.497696964,24,6.734194458,24.35,14.515975,5.067597681,8.469208211,1,0.697,173.2140667,9.437194151,9.17351804,5.887182921,NA,6.67384967,4.491395957,22.32164847,77.67835153,24.35,6.475,0.868643837,NA,NA,NA,NA,NA,NA,NA,NA,NA,NA,NA,NA,NA,NA,NA,NA,NA,NA,NA,NA,NA,NA,NA
140,UNDE54,17.04220088,16.31875,4.10156792,23,4.943183067,24.74575,22.14437083,6.414143121,8.078716057,0,0.713900641,234.6928122,9.231588615,10.6028622,2.245244785,NA,16.01337578,5.022478507,8.117857212,91.88214279,24.74575,2.516666667,0.758058718,1.954054833,2.164233409,1.118237777,1.154700538,1.328320538,0.310517176,0.545269302,0.439375959,0.039648192,0,0.017559854,216.8933512,3.943792641,5.817762652,0.663904482,1.290994449,2.128492851,1.069771918,3.815646577,3.815646579,0.310517176,0.381699416,0.111951172
141,UNDE58,10.56316752,9.5,4.325695232,18,4.709038294,22.591,16.50674333,6.099262339,8.060835531,0.333333333,0.697563492,138.0721351,7.321630343,8.497807487,4.291508887,NA,9.880476226,4.95162856,12.28142496,87.71857504,22.591,4.596666667,0.931773894,0.31313814,0.225,0.207654544,1,0.303005793,1.933540018,0.452622902,0.366021699,0.049683387,0.577350269,0.024303639,102.6116032,2.5014057,3.481762163,0.787131117,1,0.429058556,0.322589681,5.943750107,5.943750106,1.933540018,0.998014696,0.017749396
142,UNDE61,10.52028632,9.625,5.019686892,21,5.399651828,23.776,16.8253625,7.203799584,8.037632552,0.5,0.694479167,72.16136171,6.02927955,5.929764535,5.54394754,NA,9.298184956,5.063323982,6.718097576,93.28190243,23.776,5.6625,0.925340695,0.801408202,0.565685425,0.092557633,1.414213562,0.697330815,1.004091629,0.833519796,0.772826657,0.038314394,0.707106781,0.029020841,18.66997404,0.59427421,0.970011818,0.43583523,1.414213562,0.868267282,0.491773399,8.852707569,8.852707571,1.004091629,0.76013979,0.034204092
143,UNDEXX,9.481892438,8.7,5.371845726,22,6.165225057,25.911,16.10863333,6.345727914,8.024767802,0,0.741975309,253.2274589,9.690024272,12.62263398,5.741059715,NA,8.35703997,5.642760442,12.3663578,87.6336422,25.911,5.1,0.954268476,NA,NA,NA,NA,NA,NA,NA,NA,NA,NA,NA,NA,NA,NA,NA,NA,NA,NA,NA,NA,NA,NA,NA
144,UVAX01,10.93095272,9.308333333,5.770061272,26.33333333,6.629111249,28.563,20.41785833,6.840561833,8.048740444,0,0.762332309,814.7868725,18.81796791,20.15453507,6.827580625,NA,9.940240208,6.83740006,3.402669539,96.59733046,28.563,5.575,0.93911214,1.618395726,1.377119578,1.512625094,3.055050463,1.542972317,1.707016989,2.649337059,0.467196862,0.025890073,0,0.033320436,450.5809531,7.271499047,5.368781066,0.394465538,1,1.226669274,1.583075365,2.143374101,2.143374099,1.707016989,0.78062475,0.023120556
145,UVAX08,8.430050251,7.05,3.857749926,19.25,4.469243371,26.543,17.0884125,6.599844276,8.147782697,0,0.726108796,394.6189855,13.56867492,13.78345338,5.732944789,NA,7.443730915,5.050142385,6.211026524,93.78897348,26.543,4.93125,0.9052844,1.971075728,2.310753845,0.725211586,4.5,1.24159907,2.10953423,2.063358002,0.511828728,0.076197345,0,0.049535653,182.8373603,4.569538072,2.547142318,1.40130734,7.544313532,1.871970499,0.481266073,3.625316226,3.625316225,2.10953423,0.695633704,0.039516398
146,UVAX14,10.6773161,9.691666667,5.293169735,21.66666667,6.049432728,24.35733333,17.40775,6.060130296,8.277226572,0,0.71696047,283.4648828,10.82914615,12.61599124,5.211195457,NA,9.48392949,5.919369961,9.424625613,90.57537439,24.35733333,4.175,0.952231948,0.833271561,1.042033269,1.022620276,1.527525232,1.124992445,1.001998669,0.981424069,0.951922837,0.242373419,0,0.041565176,57.27577141,1.358942482,2.949599586,0.58390047,1,0.882289056,0.763565587,6.593086826,6.593086825,1.001998669,0.75787532,0.025242518
147,UVAXA4,10.65421114,8.505952381,4.676567241,22.85714286,6.059759512,26.94528571,19.69682738,6.860897917,9.241344356,0,0.71400164,934.6435574,22.4221093,19.62125557,5.261289472,NA,9.911684267,6.408530279,3.282429226,96.71757077,26.94528571,4.194047619,0.931919505,1.41501183,1.623130793,1.075778522,3.338091842,1.272418945,3.62458617,2.283180357,0.422167477,2.801498668,0,0.052674153,382.6430293,6.56074138,3.41643936,1.448330506,2.992052966,1.37431867,0.959878818,1.729414484,1.729414484,3.62458617,0.758130533,0.01147273
148,UVAXB3,8.897697944,7.7,4.435644915,23,5.99666574,26.354,17.944325,6.472544849,8.155555556,0,0.701851852,570.6215568,17.05198715,16.72875641,5.723984162,NA,7.723026691,5.426996595,8.020565553,91.97943445,26.354,4.9,0.937277682,NA,NA,NA,NA,NA,NA,NA,NA,NA,NA,NA,NA,NA,NA,NA,NA,NA,NA,NA,NA,NA,NA,NA
149,UVAXC.,8.541274638,6.525,4.16337794,20,5.22009339,22.697,18.995125,6.58555237,8.648044693,0,0.654166667,734.4645078,20.2270168,18.03697034,3.352171246,NA,7.947777462,5.973184689,4.993252362,95.00674764,22.697,2.775,0.932355165,NA,NA,NA,NA,NA,NA,NA,NA,NA,NA,NA,NA,NA,NA,NA,NA,NA,NA,NA,NA,NA,NA,NA
150,UVAXE.,10.42834322,9.35,4.523226846,22,5.841874699,24.096,17.50835,6.37268174,8.025889968,0,0.691,509.5106368,15.30563741,16.59060277,4.400063715,NA,8.795610962,5.342969782,7.745607523,92.25439248,24.096,4.65,0.943208686,NA,NA,NA,NA,NA,NA,NA,NA,NA,NA,NA,NA,NA,NA,NA,NA,NA,NA,NA,NA,NA,NA,NA
151,UVAXno,6.207584162,4.25,2.904614724,13,3.144439537,24.034,18.61205,7.289683177,8.117647059,0,0.668,530.5937344,17.97270491,14.4074846,4.048382893,NA,5.525122568,5.045801802,1.236060728,98.76393927,24.034,4.45,0.872764545,NA,NA,NA,NA,NA,NA,NA,NA,NA,NA,NA,NA,NA,NA,NA,NA,NA,NA,NA,NA,NA,NA,NA
152,UVAXso,10.99375938,8.25,4.428224358,20,5.280861672,25.572,21.06465,6.272601436,8.16,0,0.622222222,1354.827389,28.12114567,23.74928536,4.750979968,NA,9.930555411,6.713963842,4.656288745,95.34371125,25.572,5.15,0.912317633,NA,NA,NA,NA,NA,NA,NA,NA,NA,NA,NA,NA,NA,NA,NA,NA,NA,NA,NA,NA,NA,NA,NA
153,UVAXUV,11.69378926,9.533333334,4.476522546,21.5,6.330938658,27.9215,21.83152084,6.87520147,8.115526875,0,0.667361111,1079.394687,25.68361584,19.99656187,4.036714608,NA,10.9775887,6.694121154,3.092511599,96.90748841,27.9215,3.566666667,0.930966201,1.652919794,1.36707311,1.34068979,2.121320344,0.742060402,6.394366622,3.532216394,0.62476545,0.12450095,0,0.081513699,410.4743688,4.908479507,3.959164725,1.594773198,2.828427125,1.958528852,1.49875456,2.296306806,2.296306807,6.394366622,0.471404521,0.000270807
