"","xbin","zbin","vai"
"1",1,0,0
"2",1,1,0
"3",1,2,0
"4",1,3,0
"5",1,4,0
"6",1,5,0
"7",1,6,0.0280456516928588
"8",1,7,0
"9",1,8,0.227194559644738
"10",1,9,0
"11",1,10,0
"12",1,11,0
"13",1,12,0.0168887353351297
"14",1,13,2.06260491664236
"15",1,14,2.71519165823218
"16",1,15,1.08878471474511
"17",1,16,0
"18",1,17,0
"19",1,18,0
"20",1,19,0
"21",1,20,1.86128976370763
"22",1,21,0
"23",1,22,0
"24",1,23,0
"25",1,24,0
"26",1,25,0
"27",1,26,0
"28",1,27,0
"29",1,28,0
"30",1,29,0
"31",1,30,0
"32",1,31,0
"33",1,32,0
"34",1,33,0
"35",1,34,0
"36",1,35,0
"37",1,36,0
"38",1,37,0
"39",1,38,0
"40",1,39,0
"41",1,40,0
"42",1,41,0
"43",1,42,0
"44",1,43,0
"45",1,44,0
"46",1,45,0
"47",1,46,0
"48",1,47,0
"49",1,48,0
"50",1,49,0
"51",1,50,0
"52",1,51,0
"53",1,52,0
"54",1,53,0
"55",1,54,0
"56",1,55,0
"57",1,56,0
"58",1,57,0
"59",1,58,0
"60",1,59,0
"61",1,60,0
"62",1,61,0
"63",1,62,0
"64",1,63,0
"65",1,64,0
"66",1,65,0
"67",1,66,0
"68",1,67,0
"69",1,68,0
"70",1,69,0
"71",1,70,0
"72",1,71,0
"73",1,72,0
"74",1,73,0
"75",1,74,0
"76",1,75,0
"77",1,76,0
"78",1,77,0
"79",1,78,0
"80",1,79,0
"81",1,80,0
"82",1,81,0
"83",1,82,0
"84",1,83,0
"85",1,84,0
"86",1,85,0
"87",1,86,0
"88",1,87,0
"89",1,88,0
"90",1,89,0
"91",1,90,0
"92",1,91,0
"93",1,92,0
"94",1,93,0
"95",1,94,0
"96",1,95,0
"97",1,96,0
"98",1,97,0
"99",1,98,0
"100",1,99,0
"101",1,100,0
"102",1,101,0
"103",1,102,0
"104",1,103,0
"105",1,104,0
"106",1,105,0
"107",1,106,0
"108",1,107,0
"109",1,108,0
"110",1,109,0
"111",1,110,0
"112",1,111,0
"113",1,112,0
"114",1,113,0
"115",1,114,0
"116",1,115,0
"117",1,116,0
"118",1,117,0
"119",1,118,0
"120",1,119,0
"121",1,120,0
"122",2,0,0
"123",2,1,0
"124",2,2,0
"125",2,3,0
"126",2,4,0
"127",2,5,0.35206499358888
"128",2,6,0
"129",2,7,0
"130",2,8,0
"131",2,9,0.178716105942466
"132",2,10,0
"133",2,11,0.0580657017566675
"134",2,12,0.428427904138748
"135",2,13,2.41416887414462
"136",2,14,4.56855642042862
"137",2,15,0
"138",2,16,0
"139",2,17,0
"140",2,18,0
"141",2,19,0
"142",2,20,0
"143",2,21,0
"144",2,22,0
"145",2,23,0
"146",2,24,0
"147",2,25,0
"148",2,26,0
"149",2,27,0
"150",2,28,0
"151",2,29,0
"152",2,30,0
"153",2,31,0
"154",2,32,0
"155",2,33,0
"156",2,34,0
"157",2,35,0
"158",2,36,0
"159",2,37,0
"160",2,38,0
"161",2,39,0
"162",2,40,0
"163",2,41,0
"164",2,42,0
"165",2,43,0
"166",2,44,0
"167",2,45,0
"168",2,46,0
"169",2,47,0
"170",2,48,0
"171",2,49,0
"172",2,50,0
"173",2,51,0
"174",2,52,0
"175",2,53,0
"176",2,54,0
"177",2,55,0
"178",2,56,0
"179",2,57,0
"180",2,58,0
"181",2,59,0
"182",2,60,0
"183",2,61,0
"184",2,62,0
"185",2,63,0
"186",2,64,0
"187",2,65,0
"188",2,66,0
"189",2,67,0
"190",2,68,0
"191",2,69,0
"192",2,70,0
"193",2,71,0
"194",2,72,0
"195",2,73,0
"196",2,74,0
"197",2,75,0
"198",2,76,0
"199",2,77,0
"200",2,78,0
"201",2,79,0
"202",2,80,0
"203",2,81,0
"204",2,82,0
"205",2,83,0
"206",2,84,0
"207",2,85,0
"208",2,86,0
"209",2,87,0
"210",2,88,0
"211",2,89,0
"212",2,90,0
"213",2,91,0
"214",2,92,0
"215",2,93,0
"216",2,94,0
"217",2,95,0
"218",2,96,0
"219",2,97,0
"220",2,98,0
"221",2,99,0
"222",2,100,0
"223",2,101,0
"224",2,102,0
"225",2,103,0
"226",2,104,0
"227",2,105,0
"228",2,106,0
"229",2,107,0
"230",2,108,0
"231",2,109,0
"232",2,110,0
"233",2,111,0
"234",2,112,0
"235",2,113,0
"236",2,114,0
"237",2,115,0
"238",2,116,0
"239",2,117,0
"240",2,118,0
"241",2,119,0
"242",2,120,0
"243",3,0,0
"244",3,1,0
"245",3,2,0
"246",3,3,0
"247",3,4,1.95498433579035
"248",3,5,4.53475747992607
"249",3,6,0.564325375279689
"250",3,7,0
"251",3,8,0
"252",3,9,0
"253",3,10,0
"254",3,11,0
"255",3,12,0
"256",3,13,0
"257",3,14,0
"258",3,15,0
"259",3,16,0
"260",3,17,0.0604634330656809
"261",3,18,0.382935076082646
"262",3,19,0.0403089553771206
"263",3,20,0
"264",3,21,0
"265",3,22,0.201544776885603
"266",3,23,0
"267",3,24,0
"268",3,25,0
"269",3,26,0
"270",3,27,0
"271",3,28,0
"272",3,29,0
"273",3,30,0
"274",3,31,0
"275",3,32,0
"276",3,33,0
"277",3,34,0
"278",3,35,0
"279",3,36,0
"280",3,37,0
"281",3,38,0
"282",3,39,0
"283",3,40,0
"284",3,41,0
"285",3,42,0
"286",3,43,0
"287",3,44,0
"288",3,45,0
"289",3,46,0
"290",3,47,0
"291",3,48,0
"292",3,49,0
"293",3,50,0
"294",3,51,0
"295",3,52,0
"296",3,53,0
"297",3,54,0
"298",3,55,0
"299",3,56,0
"300",3,57,0
"301",3,58,0
"302",3,59,0
"303",3,60,0
"304",3,61,0
"305",3,62,0
"306",3,63,0
"307",3,64,0
"308",3,65,0
"309",3,66,0
"310",3,67,0
"311",3,68,0
"312",3,69,0
"313",3,70,0
"314",3,71,0
"315",3,72,0
"316",3,73,0
"317",3,74,0
"318",3,75,0
"319",3,76,0
"320",3,77,0
"321",3,78,0
"322",3,79,0
"323",3,80,0
"324",3,81,0
"325",3,82,0
"326",3,83,0
"327",3,84,0
"328",3,85,0
"329",3,86,0
"330",3,87,0
"331",3,88,0
"332",3,89,0
"333",3,90,0
"334",3,91,0
"335",3,92,0
"336",3,93,0
"337",3,94,0
"338",3,95,0
"339",3,96,0
"340",3,97,0
"341",3,98,0
"342",3,99,0
"343",3,100,0
"344",3,101,0
"345",3,102,0
"346",3,103,0
"347",3,104,0
"348",3,105,0
"349",3,106,0
"350",3,107,0
"351",3,108,0
"352",3,109,0
"353",3,110,0
"354",3,111,0
"355",3,112,0
"356",3,113,0
"357",3,114,0
"358",3,115,0
"359",3,116,0
"360",3,117,0
"361",3,118,0
"362",3,119,0
"363",3,120,0
"364",4,0,0
"365",4,1,0
"366",4,2,0
"367",4,3,0
"368",4,4,0
"369",4,5,0.387948603720512
"370",4,6,2.08895402003353
"371",4,7,0
"372",4,8,0
"373",4,9,0
"374",4,10,0
"375",4,11,0
"376",4,12,0
"377",4,13,0.0298422002861933
"378",4,14,0
"379",4,15,0
"380",4,16,0
"381",4,17,0
"382",4,18,0
"383",4,19,0.248685002384944
"384",4,20,0
"385",4,21,0.139263601335569
"386",4,22,0.159158401526364
"387",4,23,0
"388",4,24,0
"389",4,25,0
"390",4,26,0
"391",4,27,0
"392",4,28,0
"393",4,29,0
"394",4,30,0
"395",4,31,0
"396",4,32,0
"397",4,33,0
"398",4,34,0
"399",4,35,0
"400",4,36,0
"401",4,37,0
"402",4,38,0
"403",4,39,0
"404",4,40,0
"405",4,41,0
"406",4,42,0
"407",4,43,0
"408",4,44,0
"409",4,45,0
"410",4,46,0
"411",4,47,0
"412",4,48,0
"413",4,49,0
"414",4,50,0
"415",4,51,0
"416",4,52,0
"417",4,53,0
"418",4,54,0
"419",4,55,0
"420",4,56,0
"421",4,57,0
"422",4,58,0
"423",4,59,0
"424",4,60,0
"425",4,61,0
"426",4,62,0
"427",4,63,0
"428",4,64,0
"429",4,65,0
"430",4,66,0
"431",4,67,0
"432",4,68,0
"433",4,69,0
"434",4,70,0
"435",4,71,0
"436",4,72,0
"437",4,73,0
"438",4,74,0
"439",4,75,0
"440",4,76,0
"441",4,77,0
"442",4,78,0
"443",4,79,0
"444",4,80,0
"445",4,81,0
"446",4,82,0
"447",4,83,0
"448",4,84,0
"449",4,85,0
"450",4,86,0
"451",4,87,0
"452",4,88,0
"453",4,89,0
"454",4,90,0
"455",4,91,0
"456",4,92,0
"457",4,93,0
"458",4,94,0
"459",4,95,0
"460",4,96,0
"461",4,97,0
"462",4,98,0
"463",4,99,0
"464",4,100,0
"465",4,101,0
"466",4,102,0
"467",4,103,0
"468",4,104,0
"469",4,105,0
"470",4,106,0
"471",4,107,0
"472",4,108,0
"473",4,109,0
"474",4,110,0
"475",4,111,0
"476",4,112,0
"477",4,113,0
"478",4,114,0
"479",4,115,0
"480",4,116,0
"481",4,117,0
"482",4,118,0
"483",4,119,0
"484",4,120,0
"485",5,0,0
"486",5,1,0
"487",5,2,0
"488",5,3,0
"489",5,4,0
"490",5,5,1.84894147193339
"491",5,6,0.582696706306281
"492",5,7,0
"493",5,8,0
"494",5,9,0
"495",5,10,0
"496",5,11,0
"497",5,12,0.0112057058905054
"498",5,13,0.0672342353430324
"499",5,14,0
"500",5,15,0
"501",5,16,0.0224114117810108
"502",5,17,0
"503",5,18,0.0112057058905054
"504",5,19,0
"505",5,20,0.515462470963248
"506",5,21,0.537873882744259
"507",5,22,0.123262764795559
"508",5,23,0
"509",5,24,0
"510",5,25,0
"511",5,26,0
"512",5,27,0
"513",5,28,0
"514",5,29,0
"515",5,30,0
"516",5,31,0
"517",5,32,0
"518",5,33,0
"519",5,34,0
"520",5,35,0
"521",5,36,0
"522",5,37,0
"523",5,38,0
"524",5,39,0
"525",5,40,0
"526",5,41,0
"527",5,42,0
"528",5,43,0
"529",5,44,0
"530",5,45,0
"531",5,46,0
"532",5,47,0
"533",5,48,0
"534",5,49,0
"535",5,50,0
"536",5,51,0
"537",5,52,0
"538",5,53,0
"539",5,54,0
"540",5,55,0
"541",5,56,0
"542",5,57,0
"543",5,58,0
"544",5,59,0
"545",5,60,0
"546",5,61,0
"547",5,62,0
"548",5,63,0
"549",5,64,0
"550",5,65,0
"551",5,66,0
"552",5,67,0
"553",5,68,0
"554",5,69,0
"555",5,70,0
"556",5,71,0
"557",5,72,0
"558",5,73,0
"559",5,74,0
"560",5,75,0
"561",5,76,0
"562",5,77,0
"563",5,78,0
"564",5,79,0
"565",5,80,0
"566",5,81,0
"567",5,82,0
"568",5,83,0
"569",5,84,0
"570",5,85,0
"571",5,86,0
"572",5,87,0
"573",5,88,0
"574",5,89,0
"575",5,90,0
"576",5,91,0
"577",5,92,0
"578",5,93,0
"579",5,94,0
"580",5,95,0
"581",5,96,0
"582",5,97,0
"583",5,98,0
"584",5,99,0
"585",5,100,0
"586",5,101,0
"587",5,102,0
"588",5,103,0
"589",5,104,0
"590",5,105,0
"591",5,106,0
"592",5,107,0
"593",5,108,0
"594",5,109,0
"595",5,110,0
"596",5,111,0
"597",5,112,0
"598",5,113,0
"599",5,114,0
"600",5,115,0
"601",5,116,0
"602",5,117,0
"603",5,118,0
"604",5,119,0
"605",5,120,0
"606",6,0,0
"607",6,1,0
"608",6,2,0.104907616296729
"609",6,3,0
"610",6,4,0.316769846068132
"611",6,5,3.94081528804341
"612",6,6,0.544628851267103
"613",6,7,0
"614",6,8,0
"615",6,9,0
"616",6,10,0
"617",6,11,0
"618",6,12,0
"619",6,13,0
"620",6,14,0
"621",6,15,0
"622",6,16,0
"623",6,17,0
"624",6,18,0
"625",6,19,3.09287839832463
"626",6,20,0
"627",6,21,0
"628",6,22,0
"629",6,23,0
"630",6,24,0
"631",6,25,0
"632",6,26,0
"633",6,27,0
"634",6,28,0
"635",6,29,0
"636",6,30,0
"637",6,31,0
"638",6,32,0
"639",6,33,0
"640",6,34,0
"641",6,35,0
"642",6,36,0
"643",6,37,0
"644",6,38,0
"645",6,39,0
"646",6,40,0
"647",6,41,0
"648",6,42,0
"649",6,43,0
"650",6,44,0
"651",6,45,0
"652",6,46,0
"653",6,47,0
"654",6,48,0
"655",6,49,0
"656",6,50,0
"657",6,51,0
"658",6,52,0
"659",6,53,0
"660",6,54,0
"661",6,55,0
"662",6,56,0
"663",6,57,0
"664",6,58,0
"665",6,59,0
"666",6,60,0
"667",6,61,0
"668",6,62,0
"669",6,63,0
"670",6,64,0
"671",6,65,0
"672",6,66,0
"673",6,67,0
"674",6,68,0
"675",6,69,0
"676",6,70,0
"677",6,71,0
"678",6,72,0
"679",6,73,0
"680",6,74,0
"681",6,75,0
"682",6,76,0
"683",6,77,0
"684",6,78,0
"685",6,79,0
"686",6,80,0
"687",6,81,0
"688",6,82,0
"689",6,83,0
"690",6,84,0
"691",6,85,0
"692",6,86,0
"693",6,87,0
"694",6,88,0
"695",6,89,0
"696",6,90,0
"697",6,91,0
"698",6,92,0
"699",6,93,0
"700",6,94,0
"701",6,95,0
"702",6,96,0
"703",6,97,0
"704",6,98,0
"705",6,99,0
"706",6,100,0
"707",6,101,0
"708",6,102,0
"709",6,103,0
"710",6,104,0
"711",6,105,0
"712",6,106,0
"713",6,107,0
"714",6,108,0
"715",6,109,0
"716",6,110,0
"717",6,111,0
"718",6,112,0
"719",6,113,0
"720",6,114,0
"721",6,115,0
"722",6,116,0
"723",6,117,0
"724",6,118,0
"725",6,119,0
"726",6,120,0
"727",7,0,0
"728",7,1,0
"729",7,2,0.44816712125219
"730",7,3,0
"731",7,4,2.07277293579138
"732",7,5,0.0933681502608729
"733",7,6,0
"734",7,7,0
"735",7,8,0
"736",7,9,0.0186736300521746
"737",7,10,4.2575876518958
"738",7,11,0.0186736300521746
"739",7,12,0
"740",7,13,0
"741",7,14,0
"742",7,15,0
"743",7,16,0.186736300521746
"744",7,17,0
"745",7,18,0
"746",7,19,0
"747",7,20,0
"748",7,21,0.0186736300521746
"749",7,22,0
"750",7,23,0
"751",7,24,0
"752",7,25,0
"753",7,26,0
"754",7,27,0
"755",7,28,0
"756",7,29,0
"757",7,30,0
"758",7,31,0
"759",7,32,0
"760",7,33,0
"761",7,34,0
"762",7,35,0
"763",7,36,0
"764",7,37,0
"765",7,38,0
"766",7,39,0
"767",7,40,0
"768",7,41,0
"769",7,42,0
"770",7,43,0
"771",7,44,0
"772",7,45,0
"773",7,46,0
"774",7,47,0
"775",7,48,0
"776",7,49,0
"777",7,50,0
"778",7,51,0
"779",7,52,0
"780",7,53,0
"781",7,54,0
"782",7,55,0
"783",7,56,0
"784",7,57,0
"785",7,58,0
"786",7,59,0
"787",7,60,0
"788",7,61,0
"789",7,62,0
"790",7,63,0
"791",7,64,0
"792",7,65,0
"793",7,66,0
"794",7,67,0
"795",7,68,0
"796",7,69,0
"797",7,70,0
"798",7,71,0
"799",7,72,0
"800",7,73,0
"801",7,74,0
"802",7,75,0
"803",7,76,0
"804",7,77,0
"805",7,78,0
"806",7,79,0
"807",7,80,0
"808",7,81,0
"809",7,82,0
"810",7,83,0
"811",7,84,0
"812",7,85,0
"813",7,86,0
"814",7,87,0
"815",7,88,0
"816",7,89,0
"817",7,90,0
"818",7,91,0
"819",7,92,0
"820",7,93,0
"821",7,94,0
"822",7,95,0
"823",7,96,0
"824",7,97,0
"825",7,98,0
"826",7,99,0
"827",7,100,0
"828",7,101,0
"829",7,102,0
"830",7,103,0
"831",7,104,0
"832",7,105,0
"833",7,106,0
"834",7,107,0
"835",7,108,0
"836",7,109,0
"837",7,110,0
"838",7,111,0
"839",7,112,0
"840",7,113,0
"841",7,114,0
"842",7,115,0
"843",7,116,0
"844",7,117,0
"845",7,118,0
"846",7,119,0
"847",7,120,0
"848",8,0,0
"849",8,1,0
"850",8,2,0
"851",8,3,0
"852",8,4,0
"853",8,5,0
"854",8,6,0
"855",8,7,0
"856",8,8,0
"857",8,9,0.0465566046375048
"858",8,10,0.856641525330089
"859",8,11,0
"860",8,12,0
"861",8,13,0
"862",8,14,0.363141516172538
"863",8,15,0.633169823070066
"864",8,16,0.567990576577559
"865",8,17,0.186226418550019
"866",8,18,0.0465566046375048
"867",8,19,0.00931132092750097
"868",8,20,0
"869",8,21,0
"870",8,22,0
"871",8,23,0
"872",8,24,0
"873",8,25,0
"874",8,26,0
"875",8,27,0
"876",8,28,0
"877",8,29,0
"878",8,30,0
"879",8,31,0
"880",8,32,0
"881",8,33,0
"882",8,34,0
"883",8,35,0
"884",8,36,0
"885",8,37,0
"886",8,38,0
"887",8,39,0
"888",8,40,0
"889",8,41,0
"890",8,42,0
"891",8,43,0
"892",8,44,0
"893",8,45,0
"894",8,46,0
"895",8,47,0
"896",8,48,0
"897",8,49,0
"898",8,50,0
"899",8,51,0
"900",8,52,0
"901",8,53,0
"902",8,54,0
"903",8,55,0
"904",8,56,0
"905",8,57,0
"906",8,58,0
"907",8,59,0
"908",8,60,0
"909",8,61,0
"910",8,62,0
"911",8,63,0
"912",8,64,0
"913",8,65,0
"914",8,66,0
"915",8,67,0
"916",8,68,0
"917",8,69,0
"918",8,70,0
"919",8,71,0
"920",8,72,0
"921",8,73,0
"922",8,74,0
"923",8,75,0
"924",8,76,0
"925",8,77,0
"926",8,78,0
"927",8,79,0
"928",8,80,0
"929",8,81,0
"930",8,82,0
"931",8,83,0
"932",8,84,0
"933",8,85,0
"934",8,86,0
"935",8,87,0
"936",8,88,0
"937",8,89,0
"938",8,90,0
"939",8,91,0
"940",8,92,0
"941",8,93,0
"942",8,94,0
"943",8,95,0
"944",8,96,0
"945",8,97,0
"946",8,98,0
"947",8,99,0
"948",8,100,0
"949",8,101,0
"950",8,102,0
"951",8,103,0
"952",8,104,0
"953",8,105,0
"954",8,106,0
"955",8,107,0
"956",8,108,0
"957",8,109,0
"958",8,110,0
"959",8,111,0
"960",8,112,0
"961",8,113,0
"962",8,114,0
"963",8,115,0
"964",8,116,0
"965",8,117,0
"966",8,118,0
"967",8,119,0
"968",8,120,0
"969",9,0,0
"970",9,1,0
"971",9,2,0
"972",9,3,0
"973",9,4,0
"974",9,5,0
"975",9,6,0
"976",9,7,0
"977",9,8,0
"978",9,9,0
"979",9,10,0
"980",9,11,0
"981",9,12,0
"982",9,13,0
"983",9,14,0
"984",9,15,0.139925672319667
"985",9,16,0.0757930725064862
"986",9,17,0
"987",9,18,0.151586145012972
"988",9,19,0.122434963279708
"989",9,20,0.0408116544265695
"990",9,21,0.0174907090399583
"991",9,22,0
"992",9,23,0
"993",9,24,0
"994",9,25,0
"995",9,26,0
"996",9,27,0
"997",9,28,0
"998",9,29,0
"999",9,30,0
"1000",9,31,0
"1001",9,32,0
"1002",9,33,0
"1003",9,34,0
"1004",9,35,0
"1005",9,36,0
"1006",9,37,0
"1007",9,38,0
"1008",9,39,0
"1009",9,40,0
"1010",9,41,0
"1011",9,42,0
"1012",9,43,0
"1013",9,44,0
"1014",9,45,0
"1015",9,46,0
"1016",9,47,0
"1017",9,48,0
"1018",9,49,0
"1019",9,50,0
"1020",9,51,0
"1021",9,52,0
"1022",9,53,0
"1023",9,54,0
"1024",9,55,0
"1025",9,56,0
"1026",9,57,0
"1027",9,58,0
"1028",9,59,0
"1029",9,60,0
"1030",9,61,0
"1031",9,62,0
"1032",9,63,0
"1033",9,64,0
"1034",9,65,0
"1035",9,66,0
"1036",9,67,0
"1037",9,68,0
"1038",9,69,0
"1039",9,70,0
"1040",9,71,0
"1041",9,72,0
"1042",9,73,0
"1043",9,74,0
"1044",9,75,0
"1045",9,76,0
"1046",9,77,0
"1047",9,78,0
"1048",9,79,0
"1049",9,80,0
"1050",9,81,0
"1051",9,82,0
"1052",9,83,0
"1053",9,84,0
"1054",9,85,0
"1055",9,86,0
"1056",9,87,0
"1057",9,88,0
"1058",9,89,0
"1059",9,90,0
"1060",9,91,0
"1061",9,92,0
"1062",9,93,0
"1063",9,94,0
"1064",9,95,0
"1065",9,96,0
"1066",9,97,0
"1067",9,98,0
"1068",9,99,0
"1069",9,100,0
"1070",9,101,0
"1071",9,102,0
"1072",9,103,0
"1073",9,104,0
"1074",9,105,0
"1075",9,106,0
"1076",9,107,0
"1077",9,108,0
"1078",9,109,0
"1079",9,110,0
"1080",9,111,0
"1081",9,112,0
"1082",9,113,0
"1083",9,114,0
"1084",9,115,0
"1085",9,116,0
"1086",9,117,0
"1087",9,118,0
"1088",9,119,0
"1089",9,120,0
"1090",10,0,0
"1091",10,1,0
"1092",10,2,0
"1093",10,3,0
"1094",10,4,0
"1095",10,5,0
"1096",10,6,0
"1097",10,7,0
"1098",10,8,0
"1099",10,9,0
"1100",10,10,0
"1101",10,11,0.27903723999271
"1102",10,12,0
"1103",10,13,1.13847193917026
"1104",10,14,0.814788740778714
"1105",10,15,0
"1106",10,16,0.892919167976673
"1107",10,17,0.446459583988337
"1108",10,18,0.0558074479985421
"1109",10,19,0.0558074479985421
"1110",10,20,0
"1111",10,21,0
"1112",10,22,0
"1113",10,23,0
"1114",10,24,0
"1115",10,25,0
"1116",10,26,0
"1117",10,27,0
"1118",10,28,0
"1119",10,29,0
"1120",10,30,0
"1121",10,31,0
"1122",10,32,0
"1123",10,33,0
"1124",10,34,0
"1125",10,35,0
"1126",10,36,0
"1127",10,37,0
"1128",10,38,0
"1129",10,39,0
"1130",10,40,0
"1131",10,41,0
"1132",10,42,0
"1133",10,43,0
"1134",10,44,0
"1135",10,45,0
"1136",10,46,0
"1137",10,47,0
"1138",10,48,0
"1139",10,49,0
"1140",10,50,0
"1141",10,51,0
"1142",10,52,0
"1143",10,53,0
"1144",10,54,0
"1145",10,55,0
"1146",10,56,0
"1147",10,57,0
"1148",10,58,0
"1149",10,59,0
"1150",10,60,0
"1151",10,61,0
"1152",10,62,0
"1153",10,63,0
"1154",10,64,0
"1155",10,65,0
"1156",10,66,0
"1157",10,67,0
"1158",10,68,0
"1159",10,69,0
"1160",10,70,0
"1161",10,71,0
"1162",10,72,0
"1163",10,73,0
"1164",10,74,0
"1165",10,75,0
"1166",10,76,0
"1167",10,77,0
"1168",10,78,0
"1169",10,79,0
"1170",10,80,0
"1171",10,81,0
"1172",10,82,0
"1173",10,83,0
"1174",10,84,0
"1175",10,85,0
"1176",10,86,0
"1177",10,87,0
"1178",10,88,0
"1179",10,89,0
"1180",10,90,0
"1181",10,91,0
"1182",10,92,0
"1183",10,93,0
"1184",10,94,0
"1185",10,95,0
"1186",10,96,0
"1187",10,97,0
"1188",10,98,0
"1189",10,99,0
"1190",10,100,0
"1191",10,101,0
"1192",10,102,0
"1193",10,103,0
"1194",10,104,0
"1195",10,105,0
"1196",10,106,0
"1197",10,107,0
"1198",10,108,0
"1199",10,109,0
"1200",10,110,0
"1201",10,111,0
"1202",10,112,0
"1203",10,113,0
"1204",10,114,0
"1205",10,115,0
"1206",10,116,0
"1207",10,117,0
"1208",10,118,0
"1209",10,119,0
"1210",10,120,0
"1211",11,0,0
"1212",11,1,0
"1213",11,2,0
"1214",11,3,0
"1215",11,4,0.330079565857307
"1216",11,5,0.176042435123897
"1217",11,6,1.43034478538166
"1218",11,7,0.374090174638282
"1219",11,8,0.330079565857307
"1220",11,9,0
"1221",11,10,0
"1222",11,11,0.198047739514384
"1223",11,12,0.264063652685846
"1224",11,13,0.0220053043904871
"1225",11,14,0
"1226",11,15,0
"1227",11,16,0.264063652685846
"1228",11,17,0.0440106087809743
"1229",11,18,0.748180349276563
"1230",11,19,0.0880212175619486
"1231",11,20,0
"1232",11,21,0
"1233",11,22,0
"1234",11,23,0
"1235",11,24,0
"1236",11,25,0
"1237",11,26,0
"1238",11,27,0
"1239",11,28,0
"1240",11,29,0
"1241",11,30,0
"1242",11,31,0
"1243",11,32,0
"1244",11,33,0
"1245",11,34,0
"1246",11,35,0
"1247",11,36,0
"1248",11,37,0
"1249",11,38,0
"1250",11,39,0
"1251",11,40,0
"1252",11,41,0
"1253",11,42,0
"1254",11,43,0
"1255",11,44,0
"1256",11,45,0
"1257",11,46,0
"1258",11,47,0
"1259",11,48,0
"1260",11,49,0
"1261",11,50,0
"1262",11,51,0
"1263",11,52,0
"1264",11,53,0
"1265",11,54,0
"1266",11,55,0
"1267",11,56,0
"1268",11,57,0
"1269",11,58,0
"1270",11,59,0
"1271",11,60,0
"1272",11,61,0
"1273",11,62,0
"1274",11,63,0
"1275",11,64,0
"1276",11,65,0
"1277",11,66,0
"1278",11,67,0
"1279",11,68,0
"1280",11,69,0
"1281",11,70,0
"1282",11,71,0
"1283",11,72,0
"1284",11,73,0
"1285",11,74,0
"1286",11,75,0
"1287",11,76,0
"1288",11,77,0
"1289",11,78,0
"1290",11,79,0
"1291",11,80,0
"1292",11,81,0
"1293",11,82,0
"1294",11,83,0
"1295",11,84,0
"1296",11,85,0
"1297",11,86,0
"1298",11,87,0
"1299",11,88,0
"1300",11,89,0
"1301",11,90,0
"1302",11,91,0
"1303",11,92,0
"1304",11,93,0
"1305",11,94,0
"1306",11,95,0
"1307",11,96,0
"1308",11,97,0
"1309",11,98,0
"1310",11,99,0
"1311",11,100,0
"1312",11,101,0
"1313",11,102,0
"1314",11,103,0
"1315",11,104,0
"1316",11,105,0
"1317",11,106,0
"1318",11,107,0
"1319",11,108,0
"1320",11,109,0
"1321",11,110,0
"1322",11,111,0
"1323",11,112,0
"1324",11,113,0
"1325",11,114,0
"1326",11,115,0
"1327",11,116,0
"1328",11,117,0
"1329",11,118,0
"1330",11,119,0
"1331",11,120,0
"1332",12,0,0
"1333",12,1,0
"1334",12,2,0
"1335",12,3,0
"1336",12,4,0.0687158837592053
"1337",12,5,0
"1338",12,6,0
"1339",12,7,0
"1340",12,8,0
"1341",12,9,0.0193797169946716
"1342",12,10,0
"1343",12,11,0
"1344",12,12,1.01836512776674
"1345",12,13,0
"1346",12,14,0
"1347",12,15,0
"1348",12,16,0.164939615001539
"1349",12,17,1.49656086127395
"1350",12,18,0
"1351",12,19,0
"1352",12,20,0
"1353",12,21,0.509688268444798
"1354",12,22,4.7223505267591
"1355",12,23,0
"1356",12,24,0
"1357",12,25,0
"1358",12,26,0
"1359",12,27,0
"1360",12,28,0
"1361",12,29,0
"1362",12,30,0
"1363",12,31,0
"1364",12,32,0
"1365",12,33,0
"1366",12,34,0
"1367",12,35,0
"1368",12,36,0
"1369",12,37,0
"1370",12,38,0
"1371",12,39,0
"1372",12,40,0
"1373",12,41,0
"1374",12,42,0
"1375",12,43,0
"1376",12,44,0
"1377",12,45,0
"1378",12,46,0
"1379",12,47,0
"1380",12,48,0
"1381",12,49,0
"1382",12,50,0
"1383",12,51,0
"1384",12,52,0
"1385",12,53,0
"1386",12,54,0
"1387",12,55,0
"1388",12,56,0
"1389",12,57,0
"1390",12,58,0
"1391",12,59,0
"1392",12,60,0
"1393",12,61,0
"1394",12,62,0
"1395",12,63,0
"1396",12,64,0
"1397",12,65,0
"1398",12,66,0
"1399",12,67,0
"1400",12,68,0
"1401",12,69,0
"1402",12,70,0
"1403",12,71,0
"1404",12,72,0
"1405",12,73,0
"1406",12,74,0
"1407",12,75,0
"1408",12,76,0
"1409",12,77,0
"1410",12,78,0
"1411",12,79,0
"1412",12,80,0
"1413",12,81,0
"1414",12,82,0
"1415",12,83,0
"1416",12,84,0
"1417",12,85,0
"1418",12,86,0
"1419",12,87,0
"1420",12,88,0
"1421",12,89,0
"1422",12,90,0
"1423",12,91,0
"1424",12,92,0
"1425",12,93,0
"1426",12,94,0
"1427",12,95,0
"1428",12,96,0
"1429",12,97,0
"1430",12,98,0
"1431",12,99,0
"1432",12,100,0
"1433",12,101,0
"1434",12,102,0
"1435",12,103,0
"1436",12,104,0
"1437",12,105,0
"1438",12,106,0
"1439",12,107,0
"1440",12,108,0
"1441",12,109,0
"1442",12,110,0
"1443",12,111,0
"1444",12,112,0
"1445",12,113,0
"1446",12,114,0
"1447",12,115,0
"1448",12,116,0
"1449",12,117,0
"1450",12,118,0
"1451",12,119,0
"1452",12,120,0
"1453",13,0,0
"1454",13,1,0
"1455",13,2,0
"1456",13,3,0
"1457",13,4,0
"1458",13,5,0
"1459",13,6,0
"1460",13,7,0
"1461",13,8,0.0223315622260616
"1462",13,9,2.16616153592797
"1463",13,10,0
"1464",13,11,0
"1465",13,12,0.346139214503954
"1466",13,13,0
"1467",13,14,0
"1468",13,15,0.234481403373646
"1469",13,16,0
"1470",13,17,0
"1471",13,18,0.267978746712739
"1472",13,19,0
"1473",13,20,0.0781604677912155
"1474",13,21,0.636449523442755
"1475",13,22,0.591786398990631
"1476",13,23,0
"1477",13,24,0
"1478",13,25,0
"1479",13,26,0
"1480",13,27,0
"1481",13,28,0
"1482",13,29,0
"1483",13,30,0
"1484",13,31,0
"1485",13,32,0
"1486",13,33,0
"1487",13,34,0
"1488",13,35,0
"1489",13,36,0
"1490",13,37,0
"1491",13,38,0
"1492",13,39,0
"1493",13,40,0
"1494",13,41,0
"1495",13,42,0
"1496",13,43,0
"1497",13,44,0
"1498",13,45,0
"1499",13,46,0
"1500",13,47,0
"1501",13,48,0
"1502",13,49,0
"1503",13,50,0
"1504",13,51,0
"1505",13,52,0
"1506",13,53,0
"1507",13,54,0
"1508",13,55,0
"1509",13,56,0
"1510",13,57,0
"1511",13,58,0
"1512",13,59,0
"1513",13,60,0
"1514",13,61,0
"1515",13,62,0
"1516",13,63,0
"1517",13,64,0
"1518",13,65,0
"1519",13,66,0
"1520",13,67,0
"1521",13,68,0
"1522",13,69,0
"1523",13,70,0
"1524",13,71,0
"1525",13,72,0
"1526",13,73,0
"1527",13,74,0
"1528",13,75,0
"1529",13,76,0
"1530",13,77,0
"1531",13,78,0
"1532",13,79,0
"1533",13,80,0
"1534",13,81,0
"1535",13,82,0
"1536",13,83,0
"1537",13,84,0
"1538",13,85,0
"1539",13,86,0
"1540",13,87,0
"1541",13,88,0
"1542",13,89,0
"1543",13,90,0
"1544",13,91,0
"1545",13,92,0
"1546",13,93,0
"1547",13,94,0
"1548",13,95,0
"1549",13,96,0
"1550",13,97,0
"1551",13,98,0
"1552",13,99,0
"1553",13,100,0
"1554",13,101,0
"1555",13,102,0
"1556",13,103,0
"1557",13,104,0
"1558",13,105,0
"1559",13,106,0
"1560",13,107,0
"1561",13,108,0
"1562",13,109,0
"1563",13,110,0
"1564",13,111,0
"1565",13,112,0
"1566",13,113,0
"1567",13,114,0
"1568",13,115,0
"1569",13,116,0
"1570",13,117,0
"1571",13,118,0
"1572",13,119,0
"1573",13,120,0
"1574",14,0,0
"1575",14,1,0
"1576",14,2,0
"1577",14,3,0
"1578",14,4,0
"1579",14,5,0
"1580",14,6,0
"1581",14,7,0
"1582",14,8,0
"1583",14,9,0
"1584",14,10,0
"1585",14,11,0
"1586",14,12,0
"1587",14,13,0
"1588",14,14,0
"1589",14,15,1.12156685402789
"1590",14,16,1.74000091372552
"1591",14,17,0
"1592",14,18,0.0838554657217118
"1593",14,19,0.010481933215214
"1594",14,20,1.02722945509097
"1595",14,21,0
"1596",14,22,0
"1597",14,23,0
"1598",14,24,0
"1599",14,25,0
"1600",14,26,0
"1601",14,27,0
"1602",14,28,0
"1603",14,29,0
"1604",14,30,0
"1605",14,31,0
"1606",14,32,0
"1607",14,33,0
"1608",14,34,0
"1609",14,35,0
"1610",14,36,0
"1611",14,37,0
"1612",14,38,0
"1613",14,39,0
"1614",14,40,0
"1615",14,41,0
"1616",14,42,0
"1617",14,43,0
"1618",14,44,0
"1619",14,45,0
"1620",14,46,0
"1621",14,47,0
"1622",14,48,0
"1623",14,49,0
"1624",14,50,0
"1625",14,51,0
"1626",14,52,0
"1627",14,53,0
"1628",14,54,0
"1629",14,55,0
"1630",14,56,0
"1631",14,57,0
"1632",14,58,0
"1633",14,59,0
"1634",14,60,0
"1635",14,61,0
"1636",14,62,0
"1637",14,63,0
"1638",14,64,0
"1639",14,65,0
"1640",14,66,0
"1641",14,67,0
"1642",14,68,0
"1643",14,69,0
"1644",14,70,0
"1645",14,71,0
"1646",14,72,0
"1647",14,73,0
"1648",14,74,0
"1649",14,75,0
"1650",14,76,0
"1651",14,77,0
"1652",14,78,0
"1653",14,79,0
"1654",14,80,0
"1655",14,81,0
"1656",14,82,0
"1657",14,83,0
"1658",14,84,0
"1659",14,85,0
"1660",14,86,0
"1661",14,87,0
"1662",14,88,0
"1663",14,89,0
"1664",14,90,0
"1665",14,91,0
"1666",14,92,0
"1667",14,93,0
"1668",14,94,0
"1669",14,95,0
"1670",14,96,0
"1671",14,97,0
"1672",14,98,0
"1673",14,99,0
"1674",14,100,0
"1675",14,101,0
"1676",14,102,0
"1677",14,103,0
"1678",14,104,0
"1679",14,105,0
"1680",14,106,0
"1681",14,107,0
"1682",14,108,0
"1683",14,109,0
"1684",14,110,0
"1685",14,111,0
"1686",14,112,0
"1687",14,113,0
"1688",14,114,0
"1689",14,115,0
"1690",14,116,0
"1691",14,117,0
"1692",14,118,0
"1693",14,119,0
"1694",14,120,0
"1695",15,0,0
"1696",15,1,0.0641848656455659
"1697",15,2,0
"1698",15,3,0
"1699",15,4,0
"1700",15,5,0
"1701",15,6,0
"1702",15,7,0
"1703",15,8,0
"1704",15,9,0
"1705",15,10,0
"1706",15,11,0
"1707",15,12,0
"1708",15,13,0
"1709",15,14,0
"1710",15,15,0
"1711",15,16,0
"1712",15,17,0
"1713",15,18,0.0499215621687735
"1714",15,19,0.52774222864132
"1715",15,20,1.3122239198649
"1716",15,21,0.00713165173839621
"1717",15,22,0
"1718",15,23,0
"1719",15,24,0
"1720",15,25,0
"1721",15,26,0
"1722",15,27,0
"1723",15,28,0
"1724",15,29,0
"1725",15,30,0
"1726",15,31,0
"1727",15,32,0
"1728",15,33,0
"1729",15,34,0
"1730",15,35,0
"1731",15,36,0
"1732",15,37,0
"1733",15,38,0
"1734",15,39,0
"1735",15,40,0
"1736",15,41,0
"1737",15,42,0
"1738",15,43,0
"1739",15,44,0
"1740",15,45,0
"1741",15,46,0
"1742",15,47,0
"1743",15,48,0
"1744",15,49,0
"1745",15,50,0
"1746",15,51,0
"1747",15,52,0
"1748",15,53,0
"1749",15,54,0
"1750",15,55,0
"1751",15,56,0
"1752",15,57,0
"1753",15,58,0
"1754",15,59,0
"1755",15,60,0
"1756",15,61,0
"1757",15,62,0
"1758",15,63,0
"1759",15,64,0
"1760",15,65,0
"1761",15,66,0
"1762",15,67,0
"1763",15,68,0
"1764",15,69,0
"1765",15,70,0
"1766",15,71,0
"1767",15,72,0
"1768",15,73,0
"1769",15,74,0
"1770",15,75,0
"1771",15,76,0
"1772",15,77,0
"1773",15,78,0
"1774",15,79,0
"1775",15,80,0
"1776",15,81,0
"1777",15,82,0
"1778",15,83,0
"1779",15,84,0
"1780",15,85,0
"1781",15,86,0
"1782",15,87,0
"1783",15,88,0
"1784",15,89,0
"1785",15,90,0
"1786",15,91,0
"1787",15,92,0
"1788",15,93,0
"1789",15,94,0
"1790",15,95,0
"1791",15,96,0
"1792",15,97,0
"1793",15,98,0
"1794",15,99,0
"1795",15,100,0
"1796",15,101,0
"1797",15,102,0
"1798",15,103,0
"1799",15,104,0
"1800",15,105,0
"1801",15,106,0
"1802",15,107,0
"1803",15,108,0
"1804",15,109,0
"1805",15,110,0
"1806",15,111,0
"1807",15,112,0
"1808",15,113,0
"1809",15,114,0
"1810",15,115,0
"1811",15,116,0
"1812",15,117,0
"1813",15,118,0
"1814",15,119,0
"1815",15,120,0
"1816",16,0,0
"1817",16,1,0
"1818",16,2,0
"1819",16,3,0
"1820",16,4,0
"1821",16,5,0
"1822",16,6,0
"1823",16,7,0
"1824",16,8,0
"1825",16,9,0
"1826",16,10,0
"1827",16,11,0
"1828",16,12,0
"1829",16,13,0
"1830",16,14,0
"1831",16,15,0
"1832",16,16,0
"1833",16,17,0
"1834",16,18,0.600117963869736
"1835",16,19,1.07640206217905
"1836",16,20,1.75272548177828
"1837",16,21,0
"1838",16,22,0
"1839",16,23,0
"1840",16,24,0
"1841",16,25,0
"1842",16,26,0
"1843",16,27,0
"1844",16,28,0
"1845",16,29,0
"1846",16,30,0
"1847",16,31,0
"1848",16,32,0
"1849",16,33,0
"1850",16,34,0
"1851",16,35,0
"1852",16,36,0
"1853",16,37,0
"1854",16,38,0
"1855",16,39,0
"1856",16,40,0
"1857",16,41,0
"1858",16,42,0
"1859",16,43,0
"1860",16,44,0
"1861",16,45,0
"1862",16,46,0
"1863",16,47,0
"1864",16,48,0
"1865",16,49,0
"1866",16,50,0
"1867",16,51,0
"1868",16,52,0
"1869",16,53,0
"1870",16,54,0
"1871",16,55,0
"1872",16,56,0
"1873",16,57,0
"1874",16,58,0
"1875",16,59,0
"1876",16,60,0
"1877",16,61,0
"1878",16,62,0
"1879",16,63,0
"1880",16,64,0
"1881",16,65,0
"1882",16,66,0
"1883",16,67,0
"1884",16,68,0
"1885",16,69,0
"1886",16,70,0
"1887",16,71,0
"1888",16,72,0
"1889",16,73,0
"1890",16,74,0
"1891",16,75,0
"1892",16,76,0
"1893",16,77,0
"1894",16,78,0
"1895",16,79,0
"1896",16,80,0
"1897",16,81,0
"1898",16,82,0
"1899",16,83,0
"1900",16,84,0
"1901",16,85,0
"1902",16,86,0
"1903",16,87,0
"1904",16,88,0
"1905",16,89,0
"1906",16,90,0
"1907",16,91,0
"1908",16,92,0
"1909",16,93,0
"1910",16,94,0
"1911",16,95,0
"1912",16,96,0
"1913",16,97,0
"1914",16,98,0
"1915",16,99,0
"1916",16,100,0
"1917",16,101,0
"1918",16,102,0
"1919",16,103,0
"1920",16,104,0
"1921",16,105,0
"1922",16,106,0
"1923",16,107,0
"1924",16,108,0
"1925",16,109,0
"1926",16,110,0
"1927",16,111,0
"1928",16,112,0
"1929",16,113,0
"1930",16,114,0
"1931",16,115,0
"1932",16,116,0
"1933",16,117,0
"1934",16,118,0
"1935",16,119,0
"1936",16,120,0
"1937",17,0,0
"1938",17,1,0
"1939",17,2,0
"1940",17,3,0
"1941",17,4,0
"1942",17,5,0
"1943",17,6,0
"1944",17,7,0
"1945",17,8,0
"1946",17,9,0
"1947",17,10,0
"1948",17,11,0
"1949",17,12,0
"1950",17,13,0
"1951",17,14,0
"1952",17,15,0
"1953",17,16,0
"1954",17,17,1.24595070333667
"1955",17,18,1.87608669123108
"1956",17,19,2.70672049345553
"1957",17,20,0.157533996973602
"1958",17,21,0
"1959",17,22,0
"1960",17,23,0
"1961",17,24,0
"1962",17,25,0
"1963",17,26,0
"1964",17,27,0
"1965",17,28,0
"1966",17,29,0
"1967",17,30,0
"1968",17,31,0
"1969",17,32,0
"1970",17,33,0
"1971",17,34,0
"1972",17,35,0
"1973",17,36,0
"1974",17,37,0
"1975",17,38,0
"1976",17,39,0
"1977",17,40,0
"1978",17,41,0
"1979",17,42,0
"1980",17,43,0
"1981",17,44,0
"1982",17,45,0
"1983",17,46,0
"1984",17,47,0
"1985",17,48,0
"1986",17,49,0
"1987",17,50,0
"1988",17,51,0
"1989",17,52,0
"1990",17,53,0
"1991",17,54,0
"1992",17,55,0
"1993",17,56,0
"1994",17,57,0
"1995",17,58,0
"1996",17,59,0
"1997",17,60,0
"1998",17,61,0
"1999",17,62,0
"2000",17,63,0
"2001",17,64,0
"2002",17,65,0
"2003",17,66,0
"2004",17,67,0
"2005",17,68,0
"2006",17,69,0
"2007",17,70,0
"2008",17,71,0
"2009",17,72,0
"2010",17,73,0
"2011",17,74,0
"2012",17,75,0
"2013",17,76,0
"2014",17,77,0
"2015",17,78,0
"2016",17,79,0
"2017",17,80,0
"2018",17,81,0
"2019",17,82,0
"2020",17,83,0
"2021",17,84,0
"2022",17,85,0
"2023",17,86,0
"2024",17,87,0
"2025",17,88,0
"2026",17,89,0
"2027",17,90,0
"2028",17,91,0
"2029",17,92,0
"2030",17,93,0
"2031",17,94,0
"2032",17,95,0
"2033",17,96,0
"2034",17,97,0
"2035",17,98,0
"2036",17,99,0
"2037",17,100,0
"2038",17,101,0
"2039",17,102,0
"2040",17,103,0
"2041",17,104,0
"2042",17,105,0
"2043",17,106,0
"2044",17,107,0
"2045",17,108,0
"2046",17,109,0
"2047",17,110,0
"2048",17,111,0
"2049",17,112,0
"2050",17,113,0
"2051",17,114,0
"2052",17,115,0
"2053",17,116,0
"2054",17,117,0
"2055",17,118,0
"2056",17,119,0
"2057",17,120,0
"2058",18,0,0
"2059",18,1,0
"2060",18,2,0
"2061",18,3,0
"2062",18,4,0
"2063",18,5,0.0490045955409349
"2064",18,6,0
"2065",18,7,0.264624815921049
"2066",18,8,0
"2067",18,9,0
"2068",18,10,0
"2069",18,11,0
"2070",18,12,0
"2071",18,13,0
"2072",18,14,0
"2073",18,15,0
"2074",18,16,0
"2075",18,17,0.754670771330398
"2076",18,18,0.71546709489765
"2077",18,19,1.30352224138887
"2078",18,20,0.490045955409349
"2079",18,21,0
"2080",18,22,0
"2081",18,23,0
"2082",18,24,0
"2083",18,25,0
"2084",18,26,0
"2085",18,27,0
"2086",18,28,0
"2087",18,29,0
"2088",18,30,0
"2089",18,31,0
"2090",18,32,0
"2091",18,33,0
"2092",18,34,0
"2093",18,35,0
"2094",18,36,0
"2095",18,37,0
"2096",18,38,0
"2097",18,39,0
"2098",18,40,0
"2099",18,41,0
"2100",18,42,0
"2101",18,43,0
"2102",18,44,0
"2103",18,45,0
"2104",18,46,0
"2105",18,47,0
"2106",18,48,0
"2107",18,49,0
"2108",18,50,0
"2109",18,51,0
"2110",18,52,0
"2111",18,53,0
"2112",18,54,0
"2113",18,55,0
"2114",18,56,0
"2115",18,57,0
"2116",18,58,0
"2117",18,59,0
"2118",18,60,0
"2119",18,61,0
"2120",18,62,0
"2121",18,63,0
"2122",18,64,0
"2123",18,65,0
"2124",18,66,0.00980091910818698
"2125",18,67,0
"2126",18,68,0
"2127",18,69,0
"2128",18,70,0
"2129",18,71,0
"2130",18,72,0
"2131",18,73,0
"2132",18,74,0
"2133",18,75,0
"2134",18,76,0
"2135",18,77,0
"2136",18,78,0
"2137",18,79,0
"2138",18,80,0
"2139",18,81,0
"2140",18,82,0
"2141",18,83,0
"2142",18,84,0
"2143",18,85,0
"2144",18,86,0
"2145",18,87,0
"2146",18,88,0
"2147",18,89,0
"2148",18,90,0
"2149",18,91,0
"2150",18,92,0
"2151",18,93,0
"2152",18,94,0
"2153",18,95,0
"2154",18,96,0
"2155",18,97,0
"2156",18,98,0
"2157",18,99,0
"2158",18,100,0
"2159",18,101,0
"2160",18,102,0
"2161",18,103,0
"2162",18,104,0
"2163",18,105,0
"2164",18,106,0
"2165",18,107,0
"2166",18,108,0
"2167",18,109,0
"2168",18,110,0
"2169",18,111,0
"2170",18,112,0
"2171",18,113,0
"2172",18,114,0
"2173",18,115,0
"2174",18,116,0
"2175",18,117,0
"2176",18,118,0
"2177",18,119,0
"2178",18,120,0
"2179",19,0,0
"2180",19,1,0
"2181",19,2,0
"2182",19,3,0.235290229763039
"2183",19,4,4.33816361125604
"2184",19,5,0.455874820165889
"2185",19,6,0
"2186",19,7,0.529403016966839
"2187",19,8,0
"2188",19,9,0
"2189",19,10,0
"2190",19,11,0
"2191",19,12,0
"2192",19,13,0
"2193",19,14,0
"2194",19,15,0
"2195",19,16,0
"2196",19,17,0
"2197",19,18,0.1470563936019
"2198",19,19,0.1470563936019
"2199",19,20,0.323524065924179
"2200",19,21,0
"2201",19,22,0
"2202",19,23,0
"2203",19,24,0
"2204",19,25,0
"2205",19,26,0
"2206",19,27,0
"2207",19,28,0
"2208",19,29,0
"2209",19,30,0
"2210",19,31,0
"2211",19,32,0
"2212",19,33,0
"2213",19,34,0
"2214",19,35,0
"2215",19,36,0
"2216",19,37,0
"2217",19,38,0
"2218",19,39,0
"2219",19,40,0
"2220",19,41,0
"2221",19,42,0
"2222",19,43,0
"2223",19,44,0
"2224",19,45,0
"2225",19,46,0
"2226",19,47,0
"2227",19,48,0
"2228",19,49,0
"2229",19,50,0
"2230",19,51,0
"2231",19,52,0
"2232",19,53,0
"2233",19,54,0
"2234",19,55,0
"2235",19,56,0
"2236",19,57,0
"2237",19,58,0
"2238",19,59,0
"2239",19,60,0
"2240",19,61,0
"2241",19,62,0
"2242",19,63,0
"2243",19,64,0
"2244",19,65,0
"2245",19,66,0
"2246",19,67,0
"2247",19,68,0
"2248",19,69,0
"2249",19,70,0
"2250",19,71,0
"2251",19,72,0
"2252",19,73,0
"2253",19,74,0
"2254",19,75,0
"2255",19,76,0
"2256",19,77,0
"2257",19,78,0
"2258",19,79,0
"2259",19,80,0
"2260",19,81,0
"2261",19,82,0
"2262",19,83,0
"2263",19,84,0
"2264",19,85,0
"2265",19,86,0
"2266",19,87,0
"2267",19,88,0
"2268",19,89,0
"2269",19,90,0
"2270",19,91,0
"2271",19,92,0
"2272",19,93,0
"2273",19,94,0
"2274",19,95,0
"2275",19,96,0
"2276",19,97,0
"2277",19,98,0
"2278",19,99,0
"2279",19,100,0
"2280",19,101,0
"2281",19,102,0
"2282",19,103,0
"2283",19,104,0
"2284",19,105,0
"2285",19,106,0
"2286",19,107,0
"2287",19,108,0
"2288",19,109,0
"2289",19,110,0
"2290",19,111,0
"2291",19,112,0
"2292",19,113,0
"2293",19,114,0
"2294",19,115,0
"2295",19,116,0
"2296",19,117,0
"2297",19,118,0
"2298",19,119,0
"2299",19,120,0
"2300",20,0,0
"2301",20,1,0
"2302",20,2,0
"2303",20,3,1.37027277779806
"2304",20,4,2.71107732381553
"2305",20,5,1.44394335724957
"2306",20,6,0.456757592599355
"2307",20,7,0.176809390683621
"2308",20,8,0
"2309",20,9,0
"2310",20,10,0
"2311",20,11,0
"2312",20,12,0
"2313",20,13,0
"2314",20,14,0
"2315",20,15,0
"2316",20,16,0
"2317",20,17,0
"2318",20,18,0
"2319",20,19,0
"2320",20,20,0
"2321",20,21,0
"2322",20,22,0
"2323",20,23,0
"2324",20,24,0
"2325",20,25,0
"2326",20,26,0
"2327",20,27,0
"2328",20,28,0
"2329",20,29,0
"2330",20,30,0
"2331",20,31,0
"2332",20,32,0
"2333",20,33,0
"2334",20,34,0
"2335",20,35,0
"2336",20,36,0
"2337",20,37,0
"2338",20,38,0
"2339",20,39,0
"2340",20,40,0
"2341",20,41,0
"2342",20,42,0
"2343",20,43,0
"2344",20,44,0
"2345",20,45,0.0147341158903018
"2346",20,46,0
"2347",20,47,0
"2348",20,48,0
"2349",20,49,0
"2350",20,50,0
"2351",20,51,0
"2352",20,52,0
"2353",20,53,0
"2354",20,54,0
"2355",20,55,0
"2356",20,56,0
"2357",20,57,0
"2358",20,58,0
"2359",20,59,0
"2360",20,60,0
"2361",20,61,0
"2362",20,62,0
"2363",20,63,0
"2364",20,64,0
"2365",20,65,0
"2366",20,66,0
"2367",20,67,0
"2368",20,68,0
"2369",20,69,0
"2370",20,70,0
"2371",20,71,0
"2372",20,72,0
"2373",20,73,0
"2374",20,74,0
"2375",20,75,0
"2376",20,76,0
"2377",20,77,0
"2378",20,78,0
"2379",20,79,0
"2380",20,80,0
"2381",20,81,0
"2382",20,82,0
"2383",20,83,0
"2384",20,84,0
"2385",20,85,0
"2386",20,86,0
"2387",20,87,0
"2388",20,88,0
"2389",20,89,0
"2390",20,90,0
"2391",20,91,0
"2392",20,92,0
"2393",20,93,0
"2394",20,94,0
"2395",20,95,0
"2396",20,96,0
"2397",20,97,0
"2398",20,98,0
"2399",20,99,0
"2400",20,100,0
"2401",20,101,0
"2402",20,102,0
"2403",20,103,0
"2404",20,104,0
"2405",20,105,0
"2406",20,106,0
"2407",20,107,0
"2408",20,108,0
"2409",20,109,0
"2410",20,110,0
"2411",20,111,0
"2412",20,112,0
"2413",20,113,0
"2414",20,114,0
"2415",20,115,0
"2416",20,116,0
"2417",20,117,0
"2418",20,118,0
"2419",20,119,0
"2420",20,120,0
"2421",21,0,0
"2422",21,1,0
"2423",21,2,0
"2424",21,3,0.393293292751676
"2425",21,4,0.445580473428935
"2426",21,5,0.548809769101715
"2427",21,6,2.14295817334264
"2428",21,7,2.56768161456295
"2429",21,8,0.394633566190494
"2430",21,9,1.50704311062159
"2431",21,10,0
"2432",21,11,0
"2433",21,12,0
"2434",21,13,0
"2435",21,14,0
"2436",21,15,0
"2437",21,16,0
"2438",21,17,0
"2439",21,18,0
"2440",21,19,0
"2441",21,20,0
"2442",21,21,0
"2443",21,22,0
"2444",21,23,0
"2445",21,24,0
"2446",21,25,0
"2447",21,26,0
"2448",21,27,0
"2449",21,28,0
"2450",21,29,0
"2451",21,30,0
"2452",21,31,0
"2453",21,32,0
"2454",21,33,0
"2455",21,34,0
"2456",21,35,0
"2457",21,36,0
"2458",21,37,0
"2459",21,38,0
"2460",21,39,0
"2461",21,40,0
"2462",21,41,0
"2463",21,42,0
"2464",21,43,0
"2465",21,44,0
"2466",21,45,0
"2467",21,46,0
"2468",21,47,0
"2469",21,48,0
"2470",21,49,0
"2471",21,50,0
"2472",21,51,0
"2473",21,52,0
"2474",21,53,0
"2475",21,54,0
"2476",21,55,0
"2477",21,56,0
"2478",21,57,0
"2479",21,58,0
"2480",21,59,0
"2481",21,60,0
"2482",21,61,0
"2483",21,62,0
"2484",21,63,0
"2485",21,64,0
"2486",21,65,0
"2487",21,66,0
"2488",21,67,0
"2489",21,68,0
"2490",21,69,0
"2491",21,70,0
"2492",21,71,0
"2493",21,72,0
"2494",21,73,0
"2495",21,74,0
"2496",21,75,0
"2497",21,76,0
"2498",21,77,0
"2499",21,78,0
"2500",21,79,0
"2501",21,80,0
"2502",21,81,0
"2503",21,82,0
"2504",21,83,0
"2505",21,84,0
"2506",21,85,0
"2507",21,86,0
"2508",21,87,0
"2509",21,88,0
"2510",21,89,0
"2511",21,90,0
"2512",21,91,0
"2513",21,92,0
"2514",21,93,0
"2515",21,94,0
"2516",21,95,0
"2517",21,96,0
"2518",21,97,0
"2519",21,98,0
"2520",21,99,0
"2521",21,100,0
"2522",21,101,0
"2523",21,102,0
"2524",21,103,0
"2525",21,104,0
"2526",21,105,0
"2527",21,106,0
"2528",21,107,0
"2529",21,108,0
"2530",21,109,0
"2531",21,110,0
"2532",21,111,0
"2533",21,112,0
"2534",21,113,0
"2535",21,114,0
"2536",21,115,0
"2537",21,116,0
"2538",21,117,0
"2539",21,118,0
"2540",21,119,0
"2541",21,120,0
"2542",22,0,0
"2543",22,1,0
"2544",22,2,0
"2545",22,3,0
"2546",22,4,0
"2547",22,5,0
"2548",22,6,0.707464188489204
"2549",22,7,1.06119628273381
"2550",22,8,0.0221082558902876
"2551",22,9,0.0884330235611505
"2552",22,10,0
"2553",22,11,0
"2554",22,12,0
"2555",22,13,0
"2556",22,14,0
"2557",22,15,0
"2558",22,16,0
"2559",22,17,0.37584035013489
"2560",22,18,1.50336140053956
"2561",22,19,1.87920175067445
"2562",22,20,1.39282012108812
"2563",22,21,0.37584035013489
"2564",22,22,0.0442165117805753
"2565",22,23,0
"2566",22,24,0
"2567",22,25,0
"2568",22,26,0
"2569",22,27,0
"2570",22,28,0
"2571",22,29,0
"2572",22,30,0
"2573",22,31,0
"2574",22,32,0
"2575",22,33,0
"2576",22,34,0
"2577",22,35,0
"2578",22,36,0
"2579",22,37,0
"2580",22,38,0
"2581",22,39,0
"2582",22,40,0
"2583",22,41,0
"2584",22,42,0
"2585",22,43,0
"2586",22,44,0
"2587",22,45,0
"2588",22,46,0
"2589",22,47,0
"2590",22,48,0
"2591",22,49,0
"2592",22,50,0
"2593",22,51,0
"2594",22,52,0
"2595",22,53,0
"2596",22,54,0
"2597",22,55,0
"2598",22,56,0
"2599",22,57,0
"2600",22,58,0
"2601",22,59,0
"2602",22,60,0
"2603",22,61,0
"2604",22,62,0
"2605",22,63,0
"2606",22,64,0
"2607",22,65,0
"2608",22,66,0
"2609",22,67,0
"2610",22,68,0
"2611",22,69,0
"2612",22,70,0
"2613",22,71,0
"2614",22,72,0
"2615",22,73,0
"2616",22,74,0
"2617",22,75,0
"2618",22,76,0
"2619",22,77,0
"2620",22,78,0
"2621",22,79,0
"2622",22,80,0
"2623",22,81,0
"2624",22,82,0
"2625",22,83,0
"2626",22,84,0
"2627",22,85,0
"2628",22,86,0
"2629",22,87,0
"2630",22,88,0
"2631",22,89,0
"2632",22,90,0
"2633",22,91,0
"2634",22,92,0
"2635",22,93,0
"2636",22,94,0
"2637",22,95,0
"2638",22,96,0
"2639",22,97,0
"2640",22,98,0
"2641",22,99,0
"2642",22,100,0
"2643",22,101,0
"2644",22,102,0
"2645",22,103,0
"2646",22,104,0
"2647",22,105,0
"2648",22,106,0
"2649",22,107,0
"2650",22,108,0
"2651",22,109,0
"2652",22,110,0
"2653",22,111,0
"2654",22,112,0
"2655",22,113,0
"2656",22,114,0
"2657",22,115,0
"2658",22,116,0
"2659",22,117,0
"2660",22,118,0
"2661",22,119,0
"2662",22,120,0
"2663",23,0,0
"2664",23,1,0
"2665",23,2,0
"2666",23,3,0
"2667",23,4,0
"2668",23,5,0
"2669",23,6,0
"2670",23,7,0
"2671",23,8,0
"2672",23,9,0
"2673",23,10,0.358982026032853
"2674",23,11,1.60761516006017
"2675",23,12,0
"2676",23,13,0
"2677",23,14,0
"2678",23,15,0
"2679",23,16,0
"2680",23,17,1.90416552939165
"2681",23,18,0.561884910312291
"2682",23,19,0.0468237425260243
"2683",23,20,0.43702159690956
"2684",23,21,0.0156079141753414
"2685",23,22,0
"2686",23,23,0
"2687",23,24,0
"2688",23,25,0
"2689",23,26,0
"2690",23,27,0
"2691",23,28,0
"2692",23,29,0
"2693",23,30,0
"2694",23,31,0
"2695",23,32,0
"2696",23,33,0
"2697",23,34,0
"2698",23,35,0
"2699",23,36,0
"2700",23,37,0
"2701",23,38,0
"2702",23,39,0
"2703",23,40,0
"2704",23,41,0
"2705",23,42,0
"2706",23,43,0
"2707",23,44,0
"2708",23,45,0
"2709",23,46,0
"2710",23,47,0
"2711",23,48,0
"2712",23,49,0
"2713",23,50,0
"2714",23,51,0
"2715",23,52,0
"2716",23,53,0
"2717",23,54,0
"2718",23,55,0
"2719",23,56,0
"2720",23,57,0
"2721",23,58,0
"2722",23,59,0
"2723",23,60,0
"2724",23,61,0
"2725",23,62,0
"2726",23,63,0
"2727",23,64,0
"2728",23,65,0
"2729",23,66,0
"2730",23,67,0
"2731",23,68,0
"2732",23,69,0
"2733",23,70,0
"2734",23,71,0
"2735",23,72,0
"2736",23,73,0
"2737",23,74,0
"2738",23,75,0
"2739",23,76,0
"2740",23,77,0
"2741",23,78,0
"2742",23,79,0
"2743",23,80,0
"2744",23,81,0
"2745",23,82,0
"2746",23,83,0
"2747",23,84,0
"2748",23,85,0
"2749",23,86,0
"2750",23,87,0
"2751",23,88,0
"2752",23,89,0
"2753",23,90,0
"2754",23,91,0
"2755",23,92,0
"2756",23,93,0
"2757",23,94,0
"2758",23,95,0
"2759",23,96,0
"2760",23,97,0
"2761",23,98,0
"2762",23,99,0
"2763",23,100,0
"2764",23,101,0
"2765",23,102,0
"2766",23,103,0
"2767",23,104,0
"2768",23,105,0
"2769",23,106,0
"2770",23,107,0
"2771",23,108,0
"2772",23,109,0
"2773",23,110,0
"2774",23,111,0
"2775",23,112,0
"2776",23,113,0
"2777",23,114,0
"2778",23,115,0
"2779",23,116,0
"2780",23,117,0
"2781",23,118,0
"2782",23,119,0
"2783",23,120,0
"2784",24,0,0
"2785",24,1,0.024436151306289
"2786",24,2,0
"2787",24,3,0
"2788",24,4,0
"2789",24,5,0
"2790",24,6,0
"2791",24,7,0
"2792",24,8,0
"2793",24,9,0
"2794",24,10,0
"2795",24,11,0.656615767031264
"2796",24,12,0
"2797",24,13,0
"2798",24,14,0
"2799",24,15,0
"2800",24,16,0.00664631278927376
"2801",24,17,3.59560872864889
"2802",24,18,1.04600742850555
"2803",24,19,2.67068561171873
"2804",24,20,0
"2805",24,21,0
"2806",24,22,0
"2807",24,23,0
"2808",24,24,0
"2809",24,25,0
"2810",24,26,0
"2811",24,27,0
"2812",24,28,0
"2813",24,29,0
"2814",24,30,0
"2815",24,31,0
"2816",24,32,0
"2817",24,33,0
"2818",24,34,0
"2819",24,35,0
"2820",24,36,0
"2821",24,37,0
"2822",24,38,0
"2823",24,39,0
"2824",24,40,0
"2825",24,41,0
"2826",24,42,0
"2827",24,43,0
"2828",24,44,0
"2829",24,45,0
"2830",24,46,0
"2831",24,47,0
"2832",24,48,0
"2833",24,49,0
"2834",24,50,0
"2835",24,51,0
"2836",24,52,0
"2837",24,53,0
"2838",24,54,0
"2839",24,55,0
"2840",24,56,0
"2841",24,57,0
"2842",24,58,0
"2843",24,59,0
"2844",24,60,0
"2845",24,61,0
"2846",24,62,0
"2847",24,63,0
"2848",24,64,0
"2849",24,65,0
"2850",24,66,0
"2851",24,67,0
"2852",24,68,0
"2853",24,69,0
"2854",24,70,0
"2855",24,71,0
"2856",24,72,0
"2857",24,73,0
"2858",24,74,0
"2859",24,75,0
"2860",24,76,0
"2861",24,77,0
"2862",24,78,0
"2863",24,79,0
"2864",24,80,0
"2865",24,81,0
"2866",24,82,0
"2867",24,83,0
"2868",24,84,0
"2869",24,85,0
"2870",24,86,0
"2871",24,87,0
"2872",24,88,0
"2873",24,89,0
"2874",24,90,0
"2875",24,91,0
"2876",24,92,0
"2877",24,93,0
"2878",24,94,0
"2879",24,95,0
"2880",24,96,0
"2881",24,97,0
"2882",24,98,0
"2883",24,99,0
"2884",24,100,0
"2885",24,101,0
"2886",24,102,0
"2887",24,103,0
"2888",24,104,0
"2889",24,105,0
"2890",24,106,0
"2891",24,107,0
"2892",24,108,0
"2893",24,109,0
"2894",24,110,0
"2895",24,111,0
"2896",24,112,0
"2897",24,113,0
"2898",24,114,0
"2899",24,115,0
"2900",24,116,0
"2901",24,117,0
"2902",24,118,0
"2903",24,119,0
"2904",24,120,0
"2905",25,0,0
"2906",25,1,0
"2907",25,2,0
"2908",25,3,0
"2909",25,4,0
"2910",25,5,0
"2911",25,6,0
"2912",25,7,0
"2913",25,8,0
"2914",25,9,0
"2915",25,10,0
"2916",25,11,3.9700143214281
"2917",25,12,1.71897527319567
"2918",25,13,0
"2919",25,14,0
"2920",25,15,0.0204639913475675
"2921",25,16,0
"2922",25,17,0.736703688512431
"2923",25,18,0.16371193078054
"2924",25,19,0.0204639913475675
"2925",25,20,0.204639913475675
"2926",25,21,0
"2927",25,22,0
"2928",25,23,0
"2929",25,24,0
"2930",25,25,0
"2931",25,26,0
"2932",25,27,0
"2933",25,28,0
"2934",25,29,0
"2935",25,30,0
"2936",25,31,0
"2937",25,32,0
"2938",25,33,0
"2939",25,34,0
"2940",25,35,0
"2941",25,36,0
"2942",25,37,0
"2943",25,38,0
"2944",25,39,0
"2945",25,40,0
"2946",25,41,0
"2947",25,42,0
"2948",25,43,0
"2949",25,44,0
"2950",25,45,0
"2951",25,46,0
"2952",25,47,0
"2953",25,48,0
"2954",25,49,0
"2955",25,50,0
"2956",25,51,0
"2957",25,52,0
"2958",25,53,0
"2959",25,54,0
"2960",25,55,0
"2961",25,56,0
"2962",25,57,0
"2963",25,58,0
"2964",25,59,0
"2965",25,60,0
"2966",25,61,0
"2967",25,62,0
"2968",25,63,0
"2969",25,64,0
"2970",25,65,0
"2971",25,66,0
"2972",25,67,0
"2973",25,68,0
"2974",25,69,0
"2975",25,70,0
"2976",25,71,0
"2977",25,72,0
"2978",25,73,0
"2979",25,74,0
"2980",25,75,0
"2981",25,76,0
"2982",25,77,0
"2983",25,78,0
"2984",25,79,0
"2985",25,80,0
"2986",25,81,0
"2987",25,82,0
"2988",25,83,0
"2989",25,84,0
"2990",25,85,0
"2991",25,86,0
"2992",25,87,0
"2993",25,88,0
"2994",25,89,0
"2995",25,90,0
"2996",25,91,0
"2997",25,92,0
"2998",25,93,0
"2999",25,94,0
"3000",25,95,0
"3001",25,96,0
"3002",25,97,0
"3003",25,98,0
"3004",25,99,0
"3005",25,100,0
"3006",25,101,0
"3007",25,102,0
"3008",25,103,0
"3009",25,104,0
"3010",25,105,0
"3011",25,106,0
"3012",25,107,0
"3013",25,108,0
"3014",25,109,0
"3015",25,110,0
"3016",25,111,0
"3017",25,112,0
"3018",25,113,0
"3019",25,114,0
"3020",25,115,0
"3021",25,116,0
"3022",25,117,0
"3023",25,118,0
"3024",25,119,0
"3025",25,120,0
"3026",26,0,0
"3027",26,1,0
"3028",26,2,0
"3029",26,3,0
"3030",26,4,0
"3031",26,5,0
"3032",26,6,0
"3033",26,7,0
"3034",26,8,0
"3035",26,9,0
"3036",26,10,0
"3037",26,11,0.91393350894477
"3038",26,12,0.177330382332567
"3039",26,13,0
"3040",26,14,0
"3041",26,15,0.0545631945638669
"3042",26,16,0
"3043",26,17,1.3095166695328
"3044",26,18,0.859370314380903
"3045",26,19,0.136407986409667
"3046",26,20,0.395583160588035
"3047",26,21,0.190971180973534
"3048",26,22,0.0682039932048336
"3049",26,23,0
"3050",26,24,0
"3051",26,25,0
"3052",26,26,0
"3053",26,27,0
"3054",26,28,0
"3055",26,29,0
"3056",26,30,0
"3057",26,31,0
"3058",26,32,0
"3059",26,33,0
"3060",26,34,0
"3061",26,35,0
"3062",26,36,0
"3063",26,37,0
"3064",26,38,0
"3065",26,39,0
"3066",26,40,0
"3067",26,41,0
"3068",26,42,0
"3069",26,43,0
"3070",26,44,0
"3071",26,45,0
"3072",26,46,0
"3073",26,47,0
"3074",26,48,0
"3075",26,49,0
"3076",26,50,0
"3077",26,51,0
"3078",26,52,0
"3079",26,53,0
"3080",26,54,0
"3081",26,55,0
"3082",26,56,0
"3083",26,57,0
"3084",26,58,0
"3085",26,59,0
"3086",26,60,0
"3087",26,61,0
"3088",26,62,0
"3089",26,63,0
"3090",26,64,0
"3091",26,65,0
"3092",26,66,0
"3093",26,67,0
"3094",26,68,0
"3095",26,69,0
"3096",26,70,0
"3097",26,71,0
"3098",26,72,0
"3099",26,73,0
"3100",26,74,0
"3101",26,75,0
"3102",26,76,0
"3103",26,77,0
"3104",26,78,0
"3105",26,79,0
"3106",26,80,0
"3107",26,81,0
"3108",26,82,0
"3109",26,83,0
"3110",26,84,0
"3111",26,85,0
"3112",26,86,0
"3113",26,87,0
"3114",26,88,0
"3115",26,89,0
"3116",26,90,0
"3117",26,91,0
"3118",26,92,0
"3119",26,93,0
"3120",26,94,0
"3121",26,95,0
"3122",26,96,0
"3123",26,97,0
"3124",26,98,0
"3125",26,99,0
"3126",26,100,0
"3127",26,101,0
"3128",26,102,0
"3129",26,103,0
"3130",26,104,0
"3131",26,105,0
"3132",26,106,0
"3133",26,107,0
"3134",26,108,0
"3135",26,109,0
"3136",26,110,0
"3137",26,111,0
"3138",26,112,0
"3139",26,113,0
"3140",26,114,0
"3141",26,115,0
"3142",26,116,0
"3143",26,117,0
"3144",26,118,0
"3145",26,119,0
"3146",26,120,0
"3147",27,0,0
"3148",27,1,0
"3149",27,2,0
"3150",27,3,0
"3151",27,4,0
"3152",27,5,0
"3153",27,6,0
"3154",27,7,0
"3155",27,8,0
"3156",27,9,0
"3157",27,10,0
"3158",27,11,0
"3159",27,12,0
"3160",27,13,0
"3161",27,14,0
"3162",27,15,0
"3163",27,16,0
"3164",27,17,3.77576991026732
"3165",27,18,1.60470221186361
"3166",27,19,0.169909645962029
"3167",27,20,0.169909645962029
"3168",27,21,0.0377576991026732
"3169",27,22,0.471971238783415
"3170",27,23,0
"3171",27,24,0
"3172",27,25,0
"3173",27,26,0
"3174",27,27,0
"3175",27,28,0
"3176",27,29,0
"3177",27,30,0
"3178",27,31,0
"3179",27,32,0
"3180",27,33,0
"3181",27,34,0
"3182",27,35,0
"3183",27,36,0
"3184",27,37,0
"3185",27,38,0
"3186",27,39,0
"3187",27,40,0
"3188",27,41,0
"3189",27,42,0
"3190",27,43,0
"3191",27,44,0
"3192",27,45,0
"3193",27,46,0
"3194",27,47,0
"3195",27,48,0
"3196",27,49,0
"3197",27,50,0
"3198",27,51,0
"3199",27,52,0
"3200",27,53,0
"3201",27,54,0
"3202",27,55,0
"3203",27,56,0
"3204",27,57,0
"3205",27,58,0
"3206",27,59,0
"3207",27,60,0
"3208",27,61,0
"3209",27,62,0
"3210",27,63,0
"3211",27,64,0
"3212",27,65,0
"3213",27,66,0
"3214",27,67,0
"3215",27,68,0
"3216",27,69,0
"3217",27,70,0
"3218",27,71,0
"3219",27,72,0
"3220",27,73,0
"3221",27,74,0
"3222",27,75,0
"3223",27,76,0
"3224",27,77,0
"3225",27,78,0
"3226",27,79,0
"3227",27,80,0
"3228",27,81,0
"3229",27,82,0
"3230",27,83,0
"3231",27,84,0
"3232",27,85,0
"3233",27,86,0
"3234",27,87,0
"3235",27,88,0
"3236",27,89,0
"3237",27,90,0
"3238",27,91,0
"3239",27,92,0
"3240",27,93,0
"3241",27,94,0
"3242",27,95,0
"3243",27,96,0
"3244",27,97,0
"3245",27,98,0
"3246",27,99,0
"3247",27,100,0
"3248",27,101,0
"3249",27,102,0
"3250",27,103,0
"3251",27,104,0
"3252",27,105,0
"3253",27,106,0
"3254",27,107,0
"3255",27,108,0
"3256",27,109,0
"3257",27,110,0
"3258",27,111,0
"3259",27,112,0
"3260",27,113,0
"3261",27,114,0
"3262",27,115,0
"3263",27,116,0
"3264",27,117,0
"3265",27,118,0
"3266",27,119,0
"3267",27,120,0
"3268",28,0,0
"3269",28,1,0
"3270",28,2,0
"3271",28,3,0
"3272",28,4,0
"3273",28,5,0
"3274",28,6,0
"3275",28,7,0
"3276",28,8,0
"3277",28,9,0
"3278",28,10,0.118293989345635
"3279",28,11,0.0322619970942641
"3280",28,12,0
"3281",28,13,0
"3282",28,14,1.18293989345635
"3283",28,15,0.150555986439899
"3284",28,16,0
"3285",28,17,0.0537699951571068
"3286",28,18,0.16130998547132
"3287",28,19,0.301111972879798
"3288",28,20,0.172063984502742
"3289",28,21,0.344127969005484
"3290",28,22,0.268849975785534
"3291",28,23,0
"3292",28,24,0
"3293",28,25,0
"3294",28,26,0
"3295",28,27,0
"3296",28,28,0
"3297",28,29,0
"3298",28,30,0
"3299",28,31,0
"3300",28,32,0
"3301",28,33,0
"3302",28,34,0
"3303",28,35,0
"3304",28,36,0
"3305",28,37,0
"3306",28,38,0
"3307",28,39,0
"3308",28,40,0
"3309",28,41,0
"3310",28,42,0
"3311",28,43,0
"3312",28,44,0
"3313",28,45,0
"3314",28,46,0
"3315",28,47,0
"3316",28,48,0
"3317",28,49,0
"3318",28,50,0
"3319",28,51,0
"3320",28,52,0
"3321",28,53,0
"3322",28,54,0
"3323",28,55,0
"3324",28,56,0
"3325",28,57,0
"3326",28,58,0
"3327",28,59,0
"3328",28,60,0
"3329",28,61,0
"3330",28,62,0
"3331",28,63,0
"3332",28,64,0
"3333",28,65,0
"3334",28,66,0
"3335",28,67,0
"3336",28,68,0
"3337",28,69,0
"3338",28,70,0
"3339",28,71,0
"3340",28,72,0
"3341",28,73,0
"3342",28,74,0
"3343",28,75,0
"3344",28,76,0
"3345",28,77,0
"3346",28,78,0
"3347",28,79,0
"3348",28,80,0
"3349",28,81,0
"3350",28,82,0
"3351",28,83,0
"3352",28,84,0
"3353",28,85,0
"3354",28,86,0
"3355",28,87,0
"3356",28,88,0
"3357",28,89,0
"3358",28,90,0
"3359",28,91,0
"3360",28,92,0
"3361",28,93,0
"3362",28,94,0
"3363",28,95,0
"3364",28,96,0
"3365",28,97,0
"3366",28,98,0
"3367",28,99,0
"3368",28,100,0
"3369",28,101,0
"3370",28,102,0
"3371",28,103,0
"3372",28,104,0
"3373",28,105,0
"3374",28,106,0
"3375",28,107,0
"3376",28,108,0
"3377",28,109,0
"3378",28,110,0
"3379",28,111,0
"3380",28,112,0
"3381",28,113,0
"3382",28,114,0
"3383",28,115,0
"3384",28,116,0
"3385",28,117,0
"3386",28,118,0
"3387",28,119,0
"3388",28,120,0.0107539990314214
"3389",29,0,0
"3390",29,1,0
"3391",29,2,0
"3392",29,3,0
"3393",29,4,0
"3394",29,5,0
"3395",29,6,0
"3396",29,7,0
"3397",29,8,3.0817603408346
"3398",29,9,0
"3399",29,10,0
"3400",29,11,0
"3401",29,12,0.446629523461633
"3402",29,13,0
"3403",29,14,4.47161013570377
"3404",29,15,0
"3405",29,16,0
"3406",29,17,0
"3407",29,18,0
"3408",29,19,0
"3409",29,20,0
"3410",29,21,0
"3411",29,22,0
"3412",29,23,0
"3413",29,24,0
"3414",29,25,0
"3415",29,26,0
"3416",29,27,0
"3417",29,28,0
"3418",29,29,0
"3419",29,30,0
"3420",29,31,0
"3421",29,32,0
"3422",29,33,0
"3423",29,34,0
"3424",29,35,0
"3425",29,36,0
"3426",29,37,0
"3427",29,38,0
"3428",29,39,0
"3429",29,40,0
"3430",29,41,0
"3431",29,42,0
"3432",29,43,0
"3433",29,44,0
"3434",29,45,0
"3435",29,46,0
"3436",29,47,0
"3437",29,48,0
"3438",29,49,0
"3439",29,50,0
"3440",29,51,0
"3441",29,52,0
"3442",29,53,0
"3443",29,54,0
"3444",29,55,0
"3445",29,56,0
"3446",29,57,0
"3447",29,58,0
"3448",29,59,0
"3449",29,60,0
"3450",29,61,0
"3451",29,62,0
"3452",29,63,0
"3453",29,64,0
"3454",29,65,0
"3455",29,66,0
"3456",29,67,0
"3457",29,68,0
"3458",29,69,0
"3459",29,70,0
"3460",29,71,0
"3461",29,72,0
"3462",29,73,0
"3463",29,74,0
"3464",29,75,0
"3465",29,76,0
"3466",29,77,0
"3467",29,78,0
"3468",29,79,0
"3469",29,80,0
"3470",29,81,0
"3471",29,82,0
"3472",29,83,0
"3473",29,84,0
"3474",29,85,0
"3475",29,86,0
"3476",29,87,0
"3477",29,88,0
"3478",29,89,0
"3479",29,90,0
"3480",29,91,0
"3481",29,92,0
"3482",29,93,0
"3483",29,94,0
"3484",29,95,0
"3485",29,96,0
"3486",29,97,0
"3487",29,98,0
"3488",29,99,0
"3489",29,100,0
"3490",29,101,0
"3491",29,102,0
"3492",29,103,0
"3493",29,104,0
"3494",29,105,0
"3495",29,106,0
"3496",29,107,0
"3497",29,108,0
"3498",29,109,0
"3499",29,110,0
"3500",29,111,0
"3501",29,112,0
"3502",29,113,0
"3503",29,114,0
"3504",29,115,0
"3505",29,116,0
"3506",29,117,0
"3507",29,118,0
"3508",29,119,0
"3509",29,120,0
"3510",30,0,0
"3511",30,1,0
"3512",30,2,0
"3513",30,3,0
"3514",30,4,0
"3515",30,5,0
"3516",30,6,0
"3517",30,7,0.272405066987217
"3518",30,8,0.431740650674613
"3519",30,9,0
"3520",30,10,0
"3521",30,11,2.37512805864111
"3522",30,12,0
"3523",30,13,0
"3524",30,14,0
"3525",30,15,0
"3526",30,16,0
"3527",30,17,0
"3528",30,18,0.395032018056219
"3529",30,19,3.01712947042723
"3530",30,20,0
"3531",30,21,1.50856473521361
"3532",30,22,0
"3533",30,23,0
"3534",30,24,0
"3535",30,25,0
"3536",30,26,0
"3537",30,27,0
"3538",30,28,0
"3539",30,29,0
"3540",30,30,0
"3541",30,31,0
"3542",30,32,0
"3543",30,33,0
"3544",30,34,0
"3545",30,35,0
"3546",30,36,0
"3547",30,37,0
"3548",30,38,0
"3549",30,39,0
"3550",30,40,0
"3551",30,41,0
"3552",30,42,0
"3553",30,43,0
"3554",30,44,0
"3555",30,45,0
"3556",30,46,0
"3557",30,47,0
"3558",30,48,0
"3559",30,49,0
"3560",30,50,0
"3561",30,51,0
"3562",30,52,0
"3563",30,53,0
"3564",30,54,0
"3565",30,55,0
"3566",30,56,0
"3567",30,57,0
"3568",30,58,0
"3569",30,59,0
"3570",30,60,0
"3571",30,61,0
"3572",30,62,0
"3573",30,63,0
"3574",30,64,0
"3575",30,65,0
"3576",30,66,0
"3577",30,67,0
"3578",30,68,0
"3579",30,69,0
"3580",30,70,0
"3581",30,71,0
"3582",30,72,0
"3583",30,73,0
"3584",30,74,0
"3585",30,75,0
"3586",30,76,0
"3587",30,77,0
"3588",30,78,0
"3589",30,79,0
"3590",30,80,0
"3591",30,81,0
"3592",30,82,0
"3593",30,83,0
"3594",30,84,0
"3595",30,85,0
"3596",30,86,0
"3597",30,87,0
"3598",30,88,0
"3599",30,89,0
"3600",30,90,0
"3601",30,91,0
"3602",30,92,0
"3603",30,93,0
"3604",30,94,0
"3605",30,95,0
"3606",30,96,0
"3607",30,97,0
"3608",30,98,0
"3609",30,99,0
"3610",30,100,0
"3611",30,101,0
"3612",30,102,0
"3613",30,103,0
"3614",30,104,0
"3615",30,105,0
"3616",30,106,0
"3617",30,107,0
"3618",30,108,0
"3619",30,109,0
"3620",30,110,0
"3621",30,111,0
"3622",30,112,0
"3623",30,113,0
"3624",30,114,0
"3625",30,115,0
"3626",30,116,0
"3627",30,117,0
"3628",30,118,0
"3629",30,119,0
"3630",30,120,0
